column,operation,original_value,new_value,row_index,timestamp
merchant_category,fillna_categorical,,Unknown,,2025-10-16T18:49:49.640308
location_zip,fillna_categorical,,Unknown,,2025-10-16T18:49:49.641857
years_in_business,fillna_categorical,,Unknown,,2025-10-16T18:49:49.643338
avg_transaction_value,fillna_categorical,,Unknown,,2025-10-16T18:49:49.644789
chargeback_rate,fillna_categorical,,Unknown,,2025-10-16T18:49:49.646199
risk_tier,fillna_categorical,,Unknown,,2025-10-16T18:49:49.647871
ALL,pytorch_anomaly_detection,anomaly_detected,score_37579520.000,0.0,2025-10-16T18:49:49.799757
ALL,pytorch_anomaly_detection,anomaly_detected,score_46934576.000,1.0,2025-10-16T18:49:49.799795
ALL,pytorch_anomaly_detection,anomaly_detected,score_71329776.000,2.0,2025-10-16T18:49:49.799802
ALL,pytorch_anomaly_detection,anomaly_detected,score_90021672.000,3.0,2025-10-16T18:49:49.799808
ALL,pytorch_anomaly_detection,anomaly_detected,score_50067444.000,4.0,2025-10-16T18:49:49.799813
ALL,pytorch_anomaly_detection,anomaly_detected,score_66624752.000,5.0,2025-10-16T18:49:49.799817
ALL,pytorch_anomaly_detection,anomaly_detected,score_54570080.000,6.0,2025-10-16T18:49:49.799822
ALL,pytorch_anomaly_detection,anomaly_detected,score_1596664.000,7.0,2025-10-16T18:49:49.799828
ALL,pytorch_anomaly_detection,anomaly_detected,score_64494152.000,8.0,2025-10-16T18:49:49.799832
ALL,pytorch_anomaly_detection,anomaly_detected,score_35434700.000,9.0,2025-10-16T18:49:49.799837
ALL,pytorch_anomaly_detection,anomaly_detected,score_30799258.000,10.0,2025-10-16T18:49:49.799842
ALL,pytorch_anomaly_detection,anomaly_detected,score_79334232.000,11.0,2025-10-16T18:49:49.799846
ALL,pytorch_anomaly_detection,anomaly_detected,score_36929088.000,12.0,2025-10-16T18:49:49.799850
ALL,pytorch_anomaly_detection,anomaly_detected,score_64034940.000,13.0,2025-10-16T18:49:49.799854
ALL,pytorch_anomaly_detection,anomaly_detected,score_51031556.000,14.0,2025-10-16T18:49:49.799859
ALL,pytorch_anomaly_detection,anomaly_detected,score_18663344.000,15.0,2025-10-16T18:49:49.799863
ALL,pytorch_anomaly_detection,anomaly_detected,score_1585468.250,16.0,2025-10-16T18:49:49.799868
ALL,pytorch_anomaly_detection,anomaly_detected,score_50234260.000,17.0,2025-10-16T18:49:49.799872
ALL,pytorch_anomaly_detection,anomaly_detected,score_30700280.000,18.0,2025-10-16T18:49:49.799877
ALL,pytorch_anomaly_detection,anomaly_detected,score_45185564.000,19.0,2025-10-16T18:49:49.799881
ALL,pytorch_anomaly_detection,anomaly_detected,score_42302612.000,20.0,2025-10-16T18:49:49.799885
ALL,pytorch_anomaly_detection,anomaly_detected,score_34539112.000,21.0,2025-10-16T18:49:49.799889
ALL,pytorch_anomaly_detection,anomaly_detected,score_5798356.500,22.0,2025-10-16T18:49:49.799893
ALL,pytorch_anomaly_detection,anomaly_detected,score_12686209.000,23.0,2025-10-16T18:49:49.799898
ALL,pytorch_anomaly_detection,anomaly_detected,score_35208836.000,24.0,2025-10-16T18:49:49.799902
ALL,pytorch_anomaly_detection,anomaly_detected,score_27741766.000,25.0,2025-10-16T18:49:49.799906
ALL,pytorch_anomaly_detection,anomaly_detected,score_67400896.000,26.0,2025-10-16T18:49:49.799910
ALL,pytorch_anomaly_detection,anomaly_detected,score_53869908.000,27.0,2025-10-16T18:49:49.799915
ALL,pytorch_anomaly_detection,anomaly_detected,score_59231272.000,28.0,2025-10-16T18:49:49.799919
ALL,pytorch_anomaly_detection,anomaly_detected,score_55089336.000,29.0,2025-10-16T18:49:49.799924
ALL,pytorch_anomaly_detection,anomaly_detected,score_37221984.000,30.0,2025-10-16T18:49:49.799928
ALL,pytorch_anomaly_detection,anomaly_detected,score_18081140.000,31.0,2025-10-16T18:49:49.799933
ALL,pytorch_anomaly_detection,anomaly_detected,score_53626720.000,32.0,2025-10-16T18:49:49.799937
ALL,pytorch_anomaly_detection,anomaly_detected,score_18818014.000,33.0,2025-10-16T18:49:49.799941
ALL,pytorch_anomaly_detection,anomaly_detected,score_48819648.000,34.0,2025-10-16T18:49:49.799945
ALL,pytorch_anomaly_detection,anomaly_detected,score_24971554.000,35.0,2025-10-16T18:49:49.799949
ALL,pytorch_anomaly_detection,anomaly_detected,score_64313592.000,36.0,2025-10-16T18:49:49.799953
ALL,pytorch_anomaly_detection,anomaly_detected,score_34617660.000,37.0,2025-10-16T18:49:49.799958
ALL,pytorch_anomaly_detection,anomaly_detected,score_32563348.000,38.0,2025-10-16T18:49:49.799962
ALL,pytorch_anomaly_detection,anomaly_detected,score_48715792.000,39.0,2025-10-16T18:49:49.799966
ALL,pytorch_anomaly_detection,anomaly_detected,score_36706436.000,40.0,2025-10-16T18:49:49.799972
ALL,pytorch_anomaly_detection,anomaly_detected,score_52210004.000,41.0,2025-10-16T18:49:49.799977
ALL,pytorch_anomaly_detection,anomaly_detected,score_14971059.000,42.0,2025-10-16T18:49:49.799981
ALL,pytorch_anomaly_detection,anomaly_detected,score_37142088.000,43.0,2025-10-16T18:49:49.799985
ALL,pytorch_anomaly_detection,anomaly_detected,score_70551744.000,44.0,2025-10-16T18:49:49.799990
ALL,pytorch_anomaly_detection,anomaly_detected,score_31203710.000,45.0,2025-10-16T18:49:49.799994
ALL,pytorch_anomaly_detection,anomaly_detected,score_99594432.000,46.0,2025-10-16T18:49:49.799998
ALL,pytorch_anomaly_detection,anomaly_detected,score_31530812.000,47.0,2025-10-16T18:49:49.800002
ALL,pytorch_anomaly_detection,anomaly_detected,score_55844700.000,48.0,2025-10-16T18:49:49.800007
ALL,pytorch_anomaly_detection,anomaly_detected,score_55318844.000,49.0,2025-10-16T18:49:49.800011
ALL,pytorch_anomaly_detection,anomaly_detected,score_76112640.000,50.0,2025-10-16T18:49:49.800015
ALL,pytorch_anomaly_detection,anomaly_detected,score_11729780.000,51.0,2025-10-16T18:49:49.800020
ALL,pytorch_anomaly_detection,anomaly_detected,score_40250964.000,52.0,2025-10-16T18:49:49.800024
ALL,pytorch_anomaly_detection,anomaly_detected,score_56674564.000,53.0,2025-10-16T18:49:49.800028
ALL,pytorch_anomaly_detection,anomaly_detected,score_32983456.000,54.0,2025-10-16T18:49:49.800032
ALL,pytorch_anomaly_detection,anomaly_detected,score_40833596.000,55.0,2025-10-16T18:49:49.800037
ALL,pytorch_anomaly_detection,anomaly_detected,score_39720140.000,56.0,2025-10-16T18:49:49.800041
ALL,pytorch_anomaly_detection,anomaly_detected,score_47231432.000,57.0,2025-10-16T18:49:49.800045
ALL,pytorch_anomaly_detection,anomaly_detected,score_56113768.000,58.0,2025-10-16T18:49:49.800049
ALL,pytorch_anomaly_detection,anomaly_detected,score_50519604.000,59.0,2025-10-16T18:49:49.800053
ALL,pytorch_anomaly_detection,anomaly_detected,score_52198508.000,60.0,2025-10-16T18:49:49.800057
ALL,pytorch_anomaly_detection,anomaly_detected,score_52248540.000,61.0,2025-10-16T18:49:49.800061
ALL,pytorch_anomaly_detection,anomaly_detected,score_61731464.000,62.0,2025-10-16T18:49:49.800065
ALL,pytorch_anomaly_detection,anomaly_detected,score_37088300.000,63.0,2025-10-16T18:49:49.800072
ALL,pytorch_anomaly_detection,anomaly_detected,score_55484016.000,64.0,2025-10-16T18:49:49.800076
ALL,pytorch_anomaly_detection,anomaly_detected,score_64025312.000,65.0,2025-10-16T18:49:49.800080
ALL,pytorch_anomaly_detection,anomaly_detected,score_45534608.000,66.0,2025-10-16T18:49:49.800086
ALL,pytorch_anomaly_detection,anomaly_detected,score_58765236.000,67.0,2025-10-16T18:49:49.800091
ALL,pytorch_anomaly_detection,anomaly_detected,score_39343040.000,68.0,2025-10-16T18:49:49.800095
ALL,pytorch_anomaly_detection,anomaly_detected,score_48718744.000,69.0,2025-10-16T18:49:49.800099
ALL,pytorch_anomaly_detection,anomaly_detected,score_30564582.000,70.0,2025-10-16T18:49:49.800103
ALL,pytorch_anomaly_detection,anomaly_detected,score_47284148.000,71.0,2025-10-16T18:49:49.800107
ALL,pytorch_anomaly_detection,anomaly_detected,score_65252748.000,72.0,2025-10-16T18:49:49.800112
ALL,pytorch_anomaly_detection,anomaly_detected,score_45318772.000,73.0,2025-10-16T18:49:49.800116
ALL,pytorch_anomaly_detection,anomaly_detected,score_66111116.000,74.0,2025-10-16T18:49:49.800120
ALL,pytorch_anomaly_detection,anomaly_detected,score_49561376.000,75.0,2025-10-16T18:49:49.800124
ALL,pytorch_anomaly_detection,anomaly_detected,score_83869448.000,76.0,2025-10-16T18:49:49.800129
ALL,pytorch_anomaly_detection,anomaly_detected,score_70043784.000,77.0,2025-10-16T18:49:49.800133
ALL,pytorch_anomaly_detection,anomaly_detected,score_44580688.000,78.0,2025-10-16T18:49:49.800137
ALL,pytorch_anomaly_detection,anomaly_detected,score_30717186.000,79.0,2025-10-16T18:49:49.800141
ALL,pytorch_anomaly_detection,anomaly_detected,score_53444184.000,80.0,2025-10-16T18:49:49.800145
ALL,pytorch_anomaly_detection,anomaly_detected,score_70348680.000,81.0,2025-10-16T18:49:49.800149
ALL,pytorch_anomaly_detection,anomaly_detected,score_88192336.000,82.0,2025-10-16T18:49:49.800153
ALL,pytorch_anomaly_detection,anomaly_detected,score_53602124.000,83.0,2025-10-16T18:49:49.800157
ALL,pytorch_anomaly_detection,anomaly_detected,score_7209725.000,84.0,2025-10-16T18:49:49.800162
ALL,pytorch_anomaly_detection,anomaly_detected,score_78638544.000,85.0,2025-10-16T18:49:49.800166
ALL,pytorch_anomaly_detection,anomaly_detected,score_58064448.000,86.0,2025-10-16T18:49:49.800170
ALL,pytorch_anomaly_detection,anomaly_detected,score_76488472.000,87.0,2025-10-16T18:49:49.800174
ALL,pytorch_anomaly_detection,anomaly_detected,score_36164604.000,88.0,2025-10-16T18:49:49.800178
ALL,pytorch_anomaly_detection,anomaly_detected,score_88663048.000,89.0,2025-10-16T18:49:49.800182
ALL,pytorch_anomaly_detection,anomaly_detected,score_60058992.000,90.0,2025-10-16T18:49:49.800186
ALL,pytorch_anomaly_detection,anomaly_detected,score_89373648.000,91.0,2025-10-16T18:49:49.800191
ALL,pytorch_anomaly_detection,anomaly_detected,score_46032608.000,92.0,2025-10-16T18:49:49.800196
ALL,pytorch_anomaly_detection,anomaly_detected,score_73651800.000,93.0,2025-10-16T18:49:49.800200
ALL,pytorch_anomaly_detection,anomaly_detected,score_57139496.000,94.0,2025-10-16T18:49:49.800204
ALL,pytorch_anomaly_detection,anomaly_detected,score_33925008.000,95.0,2025-10-16T18:49:49.800208
ALL,pytorch_anomaly_detection,anomaly_detected,score_47849928.000,96.0,2025-10-16T18:49:49.800212
ALL,pytorch_anomaly_detection,anomaly_detected,score_66714144.000,97.0,2025-10-16T18:49:49.800218
ALL,pytorch_anomaly_detection,anomaly_detected,score_54523868.000,98.0,2025-10-16T18:49:49.800222
ALL,pytorch_anomaly_detection,anomaly_detected,score_31256888.000,99.0,2025-10-16T18:49:49.800227
ALL,pytorch_anomaly_detection,anomaly_detected,score_84155736.000,100.0,2025-10-16T18:49:49.800231
ALL,pytorch_anomaly_detection,anomaly_detected,score_14089788.000,101.0,2025-10-16T18:49:49.800235
ALL,pytorch_anomaly_detection,anomaly_detected,score_56429060.000,102.0,2025-10-16T18:49:49.800240
ALL,pytorch_anomaly_detection,anomaly_detected,score_32379916.000,103.0,2025-10-16T18:49:49.800244
ALL,pytorch_anomaly_detection,anomaly_detected,score_5221126.500,104.0,2025-10-16T18:49:49.800248
ALL,pytorch_anomaly_detection,anomaly_detected,score_102188192.000,105.0,2025-10-16T18:49:49.800254
ALL,pytorch_anomaly_detection,anomaly_detected,score_58572592.000,106.0,2025-10-16T18:49:49.800259
ALL,pytorch_anomaly_detection,anomaly_detected,score_64645424.000,107.0,2025-10-16T18:49:49.800264
ALL,pytorch_anomaly_detection,anomaly_detected,score_75635680.000,108.0,2025-10-16T18:49:49.800268
ALL,pytorch_anomaly_detection,anomaly_detected,score_108369680.000,109.0,2025-10-16T18:49:49.800272
ALL,pytorch_anomaly_detection,anomaly_detected,score_55912332.000,110.0,2025-10-16T18:49:49.800276
ALL,pytorch_anomaly_detection,anomaly_detected,score_17657070.000,111.0,2025-10-16T18:49:49.800281
ALL,pytorch_anomaly_detection,anomaly_detected,score_21347594.000,112.0,2025-10-16T18:49:49.800285
ALL,pytorch_anomaly_detection,anomaly_detected,score_3998360.500,113.0,2025-10-16T18:49:49.800289
ALL,pytorch_anomaly_detection,anomaly_detected,score_49944276.000,114.0,2025-10-16T18:49:49.800293
ALL,pytorch_anomaly_detection,anomaly_detected,score_19619196.000,115.0,2025-10-16T18:49:49.800297
ALL,pytorch_anomaly_detection,anomaly_detected,score_16106326.000,116.0,2025-10-16T18:49:49.800302
ALL,pytorch_anomaly_detection,anomaly_detected,score_33766464.000,117.0,2025-10-16T18:49:49.800307
ALL,pytorch_anomaly_detection,anomaly_detected,score_10859386.000,118.0,2025-10-16T18:49:49.800311
ALL,pytorch_anomaly_detection,anomaly_detected,score_65489604.000,119.0,2025-10-16T18:49:49.800315
ALL,pytorch_anomaly_detection,anomaly_detected,score_59840664.000,120.0,2025-10-16T18:49:49.800319
ALL,pytorch_anomaly_detection,anomaly_detected,score_11789233.000,121.0,2025-10-16T18:49:49.800323
ALL,pytorch_anomaly_detection,anomaly_detected,score_72732272.000,122.0,2025-10-16T18:49:49.800328
ALL,pytorch_anomaly_detection,anomaly_detected,score_29039830.000,123.0,2025-10-16T18:49:49.800332
ALL,pytorch_anomaly_detection,anomaly_detected,score_70837840.000,124.0,2025-10-16T18:49:49.800336
ALL,pytorch_anomaly_detection,anomaly_detected,score_10398733.000,125.0,2025-10-16T18:49:49.800340
ALL,pytorch_anomaly_detection,anomaly_detected,score_30830434.000,126.0,2025-10-16T18:49:49.800344
ALL,pytorch_anomaly_detection,anomaly_detected,score_16112364.000,127.0,2025-10-16T18:49:49.800348
ALL,pytorch_anomaly_detection,anomaly_detected,score_47808420.000,128.0,2025-10-16T18:49:49.800352
ALL,pytorch_anomaly_detection,anomaly_detected,score_56074088.000,129.0,2025-10-16T18:49:49.800357
ALL,pytorch_anomaly_detection,anomaly_detected,score_54536480.000,130.0,2025-10-16T18:49:49.800361
ALL,pytorch_anomaly_detection,anomaly_detected,score_33265608.000,131.0,2025-10-16T18:49:49.800367
ALL,pytorch_anomaly_detection,anomaly_detected,score_59590412.000,132.0,2025-10-16T18:49:49.800371
ALL,pytorch_anomaly_detection,anomaly_detected,score_28287556.000,133.0,2025-10-16T18:49:49.800375
ALL,pytorch_anomaly_detection,anomaly_detected,score_98334896.000,134.0,2025-10-16T18:49:49.800379
ALL,pytorch_anomaly_detection,anomaly_detected,score_26920758.000,135.0,2025-10-16T18:49:49.800383
ALL,pytorch_anomaly_detection,anomaly_detected,score_48209620.000,136.0,2025-10-16T18:49:49.800388
ALL,pytorch_anomaly_detection,anomaly_detected,score_57094396.000,137.0,2025-10-16T18:49:49.800392
ALL,pytorch_anomaly_detection,anomaly_detected,score_57424424.000,138.0,2025-10-16T18:49:49.800396
ALL,pytorch_anomaly_detection,anomaly_detected,score_28467806.000,139.0,2025-10-16T18:49:49.800400
ALL,pytorch_anomaly_detection,anomaly_detected,score_46769840.000,140.0,2025-10-16T18:49:49.800404
ALL,pytorch_anomaly_detection,anomaly_detected,score_51027072.000,141.0,2025-10-16T18:49:49.800409
ALL,pytorch_anomaly_detection,anomaly_detected,score_69152672.000,142.0,2025-10-16T18:49:49.800413
ALL,pytorch_anomaly_detection,anomaly_detected,score_45805424.000,143.0,2025-10-16T18:49:49.800417
ALL,pytorch_anomaly_detection,anomaly_detected,score_44173844.000,144.0,2025-10-16T18:49:49.800421
ALL,pytorch_anomaly_detection,anomaly_detected,score_67794608.000,145.0,2025-10-16T18:49:49.800425
ALL,pytorch_anomaly_detection,anomaly_detected,score_51170256.000,146.0,2025-10-16T18:49:49.800429
ALL,pytorch_anomaly_detection,anomaly_detected,score_31419558.000,147.0,2025-10-16T18:49:49.800433
ALL,pytorch_anomaly_detection,anomaly_detected,score_43034036.000,148.0,2025-10-16T18:49:49.800437
ALL,pytorch_anomaly_detection,anomaly_detected,score_44860336.000,149.0,2025-10-16T18:49:49.800441
ALL,pytorch_anomaly_detection,anomaly_detected,score_30509670.000,150.0,2025-10-16T18:49:49.800445
ALL,pytorch_anomaly_detection,anomaly_detected,score_58494816.000,151.0,2025-10-16T18:49:49.800450
ALL,pytorch_anomaly_detection,anomaly_detected,score_70380072.000,152.0,2025-10-16T18:49:49.800454
ALL,pytorch_anomaly_detection,anomaly_detected,score_35476116.000,153.0,2025-10-16T18:49:49.800458
ALL,pytorch_anomaly_detection,anomaly_detected,score_9059838.000,154.0,2025-10-16T18:49:49.800462
ALL,pytorch_anomaly_detection,anomaly_detected,score_65564008.000,155.0,2025-10-16T18:49:49.800466
ALL,pytorch_anomaly_detection,anomaly_detected,score_65275376.000,156.0,2025-10-16T18:49:49.800470
ALL,pytorch_anomaly_detection,anomaly_detected,score_30069652.000,157.0,2025-10-16T18:49:49.800474
ALL,pytorch_anomaly_detection,anomaly_detected,score_74047120.000,158.0,2025-10-16T18:49:49.800479
ALL,pytorch_anomaly_detection,anomaly_detected,score_61105036.000,159.0,2025-10-16T18:49:49.800483
ALL,pytorch_anomaly_detection,anomaly_detected,score_55209644.000,160.0,2025-10-16T18:49:49.800487
ALL,pytorch_anomaly_detection,anomaly_detected,score_6669824.000,161.0,2025-10-16T18:49:49.800491
ALL,pytorch_anomaly_detection,anomaly_detected,score_22990586.000,162.0,2025-10-16T18:49:49.800495
ALL,pytorch_anomaly_detection,anomaly_detected,score_35129604.000,163.0,2025-10-16T18:49:49.800499
ALL,pytorch_anomaly_detection,anomaly_detected,score_39511916.000,164.0,2025-10-16T18:49:49.800505
ALL,pytorch_anomaly_detection,anomaly_detected,score_33881836.000,165.0,2025-10-16T18:49:49.800509
ALL,pytorch_anomaly_detection,anomaly_detected,score_35992956.000,166.0,2025-10-16T18:49:49.800515
ALL,pytorch_anomaly_detection,anomaly_detected,score_39865504.000,167.0,2025-10-16T18:49:49.800521
ALL,pytorch_anomaly_detection,anomaly_detected,score_35198112.000,168.0,2025-10-16T18:49:49.800525
ALL,pytorch_anomaly_detection,anomaly_detected,score_35378576.000,169.0,2025-10-16T18:49:49.800529
ALL,pytorch_anomaly_detection,anomaly_detected,score_33587764.000,170.0,2025-10-16T18:49:49.800533
ALL,pytorch_anomaly_detection,anomaly_detected,score_27695216.000,171.0,2025-10-16T18:49:49.800538
ALL,pytorch_anomaly_detection,anomaly_detected,score_43971304.000,172.0,2025-10-16T18:49:49.800542
ALL,pytorch_anomaly_detection,anomaly_detected,score_32812120.000,173.0,2025-10-16T18:49:49.800546
ALL,pytorch_anomaly_detection,anomaly_detected,score_30350822.000,174.0,2025-10-16T18:49:49.800550
ALL,pytorch_anomaly_detection,anomaly_detected,score_30619806.000,175.0,2025-10-16T18:49:49.800554
ALL,pytorch_anomaly_detection,anomaly_detected,score_64267932.000,176.0,2025-10-16T18:49:49.800558
ALL,pytorch_anomaly_detection,anomaly_detected,score_56272408.000,177.0,2025-10-16T18:49:49.800562
ALL,pytorch_anomaly_detection,anomaly_detected,score_43022492.000,178.0,2025-10-16T18:49:49.800566
ALL,pytorch_anomaly_detection,anomaly_detected,score_81771552.000,179.0,2025-10-16T18:49:49.800571
ALL,pytorch_anomaly_detection,anomaly_detected,score_14417650.000,180.0,2025-10-16T18:49:49.800576
ALL,pytorch_anomaly_detection,anomaly_detected,score_64826592.000,181.0,2025-10-16T18:49:49.800580
ALL,pytorch_anomaly_detection,anomaly_detected,score_49164756.000,182.0,2025-10-16T18:49:49.800584
ALL,pytorch_anomaly_detection,anomaly_detected,score_76206248.000,183.0,2025-10-16T18:49:49.800588
ALL,pytorch_anomaly_detection,anomaly_detected,score_63096088.000,184.0,2025-10-16T18:49:49.800592
ALL,pytorch_anomaly_detection,anomaly_detected,score_21693280.000,185.0,2025-10-16T18:49:49.800596
ALL,pytorch_anomaly_detection,anomaly_detected,score_23937706.000,186.0,2025-10-16T18:49:49.800600
ALL,pytorch_anomaly_detection,anomaly_detected,score_29791434.000,187.0,2025-10-16T18:49:49.800604
ALL,pytorch_anomaly_detection,anomaly_detected,score_18732884.000,188.0,2025-10-16T18:49:49.800610
ALL,pytorch_anomaly_detection,anomaly_detected,score_27613090.000,189.0,2025-10-16T18:49:49.800615
ALL,pytorch_anomaly_detection,anomaly_detected,score_60244504.000,190.0,2025-10-16T18:49:49.800619
ALL,pytorch_anomaly_detection,anomaly_detected,score_73791824.000,191.0,2025-10-16T18:49:49.800624
ALL,pytorch_anomaly_detection,anomaly_detected,score_62958944.000,192.0,2025-10-16T18:49:49.800629
ALL,pytorch_anomaly_detection,anomaly_detected,score_100791000.000,193.0,2025-10-16T18:49:49.800633
ALL,pytorch_anomaly_detection,anomaly_detected,score_39562316.000,194.0,2025-10-16T18:49:49.800637
ALL,pytorch_anomaly_detection,anomaly_detected,score_51288136.000,195.0,2025-10-16T18:49:49.800641
ALL,pytorch_anomaly_detection,anomaly_detected,score_29003338.000,196.0,2025-10-16T18:49:49.800645
ALL,pytorch_anomaly_detection,anomaly_detected,score_84874816.000,197.0,2025-10-16T18:49:49.800649
ALL,pytorch_anomaly_detection,anomaly_detected,score_34169036.000,198.0,2025-10-16T18:49:49.800653
ALL,pytorch_anomaly_detection,anomaly_detected,score_50792272.000,199.0,2025-10-16T18:49:49.800658
ALL,pytorch_anomaly_detection,anomaly_detected,score_15205445.000,200.0,2025-10-16T18:49:49.800662
ALL,pytorch_anomaly_detection,anomaly_detected,score_52972336.000,201.0,2025-10-16T18:49:49.800666
ALL,pytorch_anomaly_detection,anomaly_detected,score_59392496.000,202.0,2025-10-16T18:49:49.800670
ALL,pytorch_anomaly_detection,anomaly_detected,score_4493380.000,203.0,2025-10-16T18:49:49.800674
ALL,pytorch_anomaly_detection,anomaly_detected,score_56232592.000,204.0,2025-10-16T18:49:49.800678
ALL,pytorch_anomaly_detection,anomaly_detected,score_37727844.000,205.0,2025-10-16T18:49:49.800682
ALL,pytorch_anomaly_detection,anomaly_detected,score_20657100.000,206.0,2025-10-16T18:49:49.800686
ALL,pytorch_anomaly_detection,anomaly_detected,score_73790816.000,207.0,2025-10-16T18:49:49.800690
ALL,pytorch_anomaly_detection,anomaly_detected,score_61890464.000,208.0,2025-10-16T18:49:49.800695
ALL,pytorch_anomaly_detection,anomaly_detected,score_66360892.000,209.0,2025-10-16T18:49:49.800699
ALL,pytorch_anomaly_detection,anomaly_detected,score_79025384.000,210.0,2025-10-16T18:49:49.800703
ALL,pytorch_anomaly_detection,anomaly_detected,score_67468888.000,211.0,2025-10-16T18:49:49.800710
ALL,pytorch_anomaly_detection,anomaly_detected,score_34167872.000,212.0,2025-10-16T18:49:49.800714
ALL,pytorch_anomaly_detection,anomaly_detected,score_22105772.000,213.0,2025-10-16T18:49:49.800718
ALL,pytorch_anomaly_detection,anomaly_detected,score_42323272.000,214.0,2025-10-16T18:49:49.800722
ALL,pytorch_anomaly_detection,anomaly_detected,score_20238152.000,215.0,2025-10-16T18:49:49.800726
ALL,pytorch_anomaly_detection,anomaly_detected,score_43403260.000,216.0,2025-10-16T18:49:49.800731
ALL,pytorch_anomaly_detection,anomaly_detected,score_32965878.000,217.0,2025-10-16T18:49:49.800735
ALL,pytorch_anomaly_detection,anomaly_detected,score_20463964.000,218.0,2025-10-16T18:49:49.800739
ALL,pytorch_anomaly_detection,anomaly_detected,score_74750400.000,219.0,2025-10-16T18:49:49.800743
ALL,pytorch_anomaly_detection,anomaly_detected,score_65912212.000,220.0,2025-10-16T18:49:49.800747
ALL,pytorch_anomaly_detection,anomaly_detected,score_94662640.000,221.0,2025-10-16T18:49:49.800751
ALL,pytorch_anomaly_detection,anomaly_detected,score_38007180.000,222.0,2025-10-16T18:49:49.800757
ALL,pytorch_anomaly_detection,anomaly_detected,score_49994352.000,223.0,2025-10-16T18:49:49.800761
ALL,pytorch_anomaly_detection,anomaly_detected,score_52821776.000,224.0,2025-10-16T18:49:49.800765
ALL,pytorch_anomaly_detection,anomaly_detected,score_34575752.000,225.0,2025-10-16T18:49:49.800770
ALL,pytorch_anomaly_detection,anomaly_detected,score_87329472.000,226.0,2025-10-16T18:49:49.800773
ALL,pytorch_anomaly_detection,anomaly_detected,score_37019864.000,227.0,2025-10-16T18:49:49.800778
ALL,pytorch_anomaly_detection,anomaly_detected,score_26782894.000,228.0,2025-10-16T18:49:49.800782
ALL,pytorch_anomaly_detection,anomaly_detected,score_21971352.000,229.0,2025-10-16T18:49:49.800788
ALL,pytorch_anomaly_detection,anomaly_detected,score_12476903.000,230.0,2025-10-16T18:49:49.800792
ALL,pytorch_anomaly_detection,anomaly_detected,score_14967718.000,231.0,2025-10-16T18:49:49.800796
ALL,pytorch_anomaly_detection,anomaly_detected,score_49391260.000,232.0,2025-10-16T18:49:49.800800
ALL,pytorch_anomaly_detection,anomaly_detected,score_15987405.000,233.0,2025-10-16T18:49:49.800804
ALL,pytorch_anomaly_detection,anomaly_detected,score_74073720.000,234.0,2025-10-16T18:49:49.800808
ALL,pytorch_anomaly_detection,anomaly_detected,score_48949116.000,235.0,2025-10-16T18:49:49.800813
ALL,pytorch_anomaly_detection,anomaly_detected,score_19876404.000,236.0,2025-10-16T18:49:49.800816
ALL,pytorch_anomaly_detection,anomaly_detected,score_47908848.000,237.0,2025-10-16T18:49:49.800820
ALL,pytorch_anomaly_detection,anomaly_detected,score_47542468.000,238.0,2025-10-16T18:49:49.800824
ALL,pytorch_anomaly_detection,anomaly_detected,score_48819948.000,239.0,2025-10-16T18:49:49.800829
ALL,pytorch_anomaly_detection,anomaly_detected,score_11919298.000,240.0,2025-10-16T18:49:49.800833
ALL,pytorch_anomaly_detection,anomaly_detected,score_37067200.000,241.0,2025-10-16T18:49:49.800837
ALL,pytorch_anomaly_detection,anomaly_detected,score_39320832.000,242.0,2025-10-16T18:49:49.800841
ALL,pytorch_anomaly_detection,anomaly_detected,score_59785008.000,243.0,2025-10-16T18:49:49.800845
ALL,pytorch_anomaly_detection,anomaly_detected,score_45394792.000,244.0,2025-10-16T18:49:49.800849
ALL,pytorch_anomaly_detection,anomaly_detected,score_97837400.000,245.0,2025-10-16T18:49:49.800853
ALL,pytorch_anomaly_detection,anomaly_detected,score_33044980.000,246.0,2025-10-16T18:49:49.800857
ALL,pytorch_anomaly_detection,anomaly_detected,score_28077298.000,247.0,2025-10-16T18:49:49.800861
ALL,pytorch_anomaly_detection,anomaly_detected,score_42493100.000,248.0,2025-10-16T18:49:49.800869
ALL,pytorch_anomaly_detection,anomaly_detected,score_41826816.000,249.0,2025-10-16T18:49:49.800873
ALL,pytorch_anomaly_detection,anomaly_detected,score_23327762.000,250.0,2025-10-16T18:49:49.800877
ALL,pytorch_anomaly_detection,anomaly_detected,score_10449409.000,251.0,2025-10-16T18:49:49.800881
ALL,pytorch_anomaly_detection,anomaly_detected,score_22986940.000,252.0,2025-10-16T18:49:49.800885
ALL,pytorch_anomaly_detection,anomaly_detected,score_10415809.000,253.0,2025-10-16T18:49:49.800889
ALL,pytorch_anomaly_detection,anomaly_detected,score_18736692.000,254.0,2025-10-16T18:49:49.800894
ALL,pytorch_anomaly_detection,anomaly_detected,score_94869128.000,255.0,2025-10-16T18:49:49.800898
ALL,pytorch_anomaly_detection,anomaly_detected,score_22169814.000,256.0,2025-10-16T18:49:49.800902
ALL,pytorch_anomaly_detection,anomaly_detected,score_32248940.000,257.0,2025-10-16T18:49:49.800906
ALL,pytorch_anomaly_detection,anomaly_detected,score_23629898.000,258.0,2025-10-16T18:49:49.800910
ALL,pytorch_anomaly_detection,anomaly_detected,score_21051596.000,259.0,2025-10-16T18:49:49.800914
ALL,pytorch_anomaly_detection,anomaly_detected,score_28291710.000,260.0,2025-10-16T18:49:49.800918
ALL,pytorch_anomaly_detection,anomaly_detected,score_44149612.000,261.0,2025-10-16T18:49:49.800922
ALL,pytorch_anomaly_detection,anomaly_detected,score_50410264.000,262.0,2025-10-16T18:49:49.800926
ALL,pytorch_anomaly_detection,anomaly_detected,score_79036008.000,263.0,2025-10-16T18:49:49.800931
ALL,pytorch_anomaly_detection,anomaly_detected,score_20467796.000,264.0,2025-10-16T18:49:49.800935
ALL,pytorch_anomaly_detection,anomaly_detected,score_27105040.000,265.0,2025-10-16T18:49:49.800939
ALL,pytorch_anomaly_detection,anomaly_detected,score_48359744.000,266.0,2025-10-16T18:49:49.800943
ALL,pytorch_anomaly_detection,anomaly_detected,score_49177208.000,267.0,2025-10-16T18:49:49.800947
ALL,pytorch_anomaly_detection,anomaly_detected,score_31197562.000,268.0,2025-10-16T18:49:49.800951
ALL,pytorch_anomaly_detection,anomaly_detected,score_50718120.000,269.0,2025-10-16T18:49:49.800955
ALL,pytorch_anomaly_detection,anomaly_detected,score_94332944.000,270.0,2025-10-16T18:49:49.800959
ALL,pytorch_anomaly_detection,anomaly_detected,score_22290094.000,271.0,2025-10-16T18:49:49.800964
ALL,pytorch_anomaly_detection,anomaly_detected,score_36654708.000,272.0,2025-10-16T18:49:49.800968
ALL,pytorch_anomaly_detection,anomaly_detected,score_31142772.000,273.0,2025-10-16T18:49:49.800972
ALL,pytorch_anomaly_detection,anomaly_detected,score_19711146.000,274.0,2025-10-16T18:49:49.800976
ALL,pytorch_anomaly_detection,anomaly_detected,score_12436379.000,275.0,2025-10-16T18:49:49.800980
ALL,pytorch_anomaly_detection,anomaly_detected,score_59650864.000,276.0,2025-10-16T18:49:49.800984
ALL,pytorch_anomaly_detection,anomaly_detected,score_21110978.000,277.0,2025-10-16T18:49:49.800988
ALL,pytorch_anomaly_detection,anomaly_detected,score_43033432.000,278.0,2025-10-16T18:49:49.800992
ALL,pytorch_anomaly_detection,anomaly_detected,score_35616640.000,279.0,2025-10-16T18:49:49.800997
ALL,pytorch_anomaly_detection,anomaly_detected,score_18796622.000,280.0,2025-10-16T18:49:49.801001
ALL,pytorch_anomaly_detection,anomaly_detected,score_76745720.000,281.0,2025-10-16T18:49:49.801005
ALL,pytorch_anomaly_detection,anomaly_detected,score_61573492.000,282.0,2025-10-16T18:49:49.801009
ALL,pytorch_anomaly_detection,anomaly_detected,score_26081542.000,283.0,2025-10-16T18:49:49.801013
ALL,pytorch_anomaly_detection,anomaly_detected,score_98954744.000,284.0,2025-10-16T18:49:49.801017
ALL,pytorch_anomaly_detection,anomaly_detected,score_36283644.000,285.0,2025-10-16T18:49:49.801021
ALL,pytorch_anomaly_detection,anomaly_detected,score_22896538.000,286.0,2025-10-16T18:49:49.801025
ALL,pytorch_anomaly_detection,anomaly_detected,score_31028866.000,287.0,2025-10-16T18:49:49.801032
ALL,pytorch_anomaly_detection,anomaly_detected,score_64849900.000,288.0,2025-10-16T18:49:49.801037
ALL,pytorch_anomaly_detection,anomaly_detected,score_56910704.000,289.0,2025-10-16T18:49:49.801041
ALL,pytorch_anomaly_detection,anomaly_detected,score_23151684.000,290.0,2025-10-16T18:49:49.801045
ALL,pytorch_anomaly_detection,anomaly_detected,score_46614220.000,291.0,2025-10-16T18:49:49.801049
ALL,pytorch_anomaly_detection,anomaly_detected,score_55324340.000,292.0,2025-10-16T18:49:49.801053
ALL,pytorch_anomaly_detection,anomaly_detected,score_47797348.000,293.0,2025-10-16T18:49:49.801057
ALL,pytorch_anomaly_detection,anomaly_detected,score_66678044.000,294.0,2025-10-16T18:49:49.801061
ALL,pytorch_anomaly_detection,anomaly_detected,score_45991568.000,295.0,2025-10-16T18:49:49.801065
ALL,pytorch_anomaly_detection,anomaly_detected,score_49946284.000,296.0,2025-10-16T18:49:49.801069
ALL,pytorch_anomaly_detection,anomaly_detected,score_19487236.000,297.0,2025-10-16T18:49:49.801073
ALL,pytorch_anomaly_detection,anomaly_detected,score_66261824.000,298.0,2025-10-16T18:49:49.801078
ALL,pytorch_anomaly_detection,anomaly_detected,score_51376052.000,299.0,2025-10-16T18:49:49.801082
ALL,pytorch_anomaly_detection,anomaly_detected,score_34410560.000,300.0,2025-10-16T18:49:49.801086
ALL,pytorch_anomaly_detection,anomaly_detected,score_48826980.000,301.0,2025-10-16T18:49:49.801092
ALL,pytorch_anomaly_detection,anomaly_detected,score_30748426.000,302.0,2025-10-16T18:49:49.801097
ALL,pytorch_anomaly_detection,anomaly_detected,score_83752640.000,303.0,2025-10-16T18:49:49.801101
ALL,pytorch_anomaly_detection,anomaly_detected,score_38394336.000,304.0,2025-10-16T18:49:49.801105
ALL,pytorch_anomaly_detection,anomaly_detected,score_32533292.000,305.0,2025-10-16T18:49:49.801109
ALL,pytorch_anomaly_detection,anomaly_detected,score_48388784.000,306.0,2025-10-16T18:49:49.801113
ALL,pytorch_anomaly_detection,anomaly_detected,score_53436528.000,307.0,2025-10-16T18:49:49.801117
ALL,pytorch_anomaly_detection,anomaly_detected,score_6813770.500,308.0,2025-10-16T18:49:49.801121
ALL,pytorch_anomaly_detection,anomaly_detected,score_92122400.000,309.0,2025-10-16T18:49:49.801125
ALL,pytorch_anomaly_detection,anomaly_detected,score_55240040.000,310.0,2025-10-16T18:49:49.801129
ALL,pytorch_anomaly_detection,anomaly_detected,score_44685808.000,311.0,2025-10-16T18:49:49.801134
ALL,pytorch_anomaly_detection,anomaly_detected,score_70295120.000,312.0,2025-10-16T18:49:49.801138
ALL,pytorch_anomaly_detection,anomaly_detected,score_19744556.000,313.0,2025-10-16T18:49:49.801144
ALL,pytorch_anomaly_detection,anomaly_detected,score_81542648.000,314.0,2025-10-16T18:49:49.801148
ALL,pytorch_anomaly_detection,anomaly_detected,score_64003804.000,315.0,2025-10-16T18:49:49.801152
ALL,pytorch_anomaly_detection,anomaly_detected,score_12528464.000,316.0,2025-10-16T18:49:49.801157
ALL,pytorch_anomaly_detection,anomaly_detected,score_40650032.000,317.0,2025-10-16T18:49:49.801161
ALL,pytorch_anomaly_detection,anomaly_detected,score_71477456.000,318.0,2025-10-16T18:49:49.801165
ALL,pytorch_anomaly_detection,anomaly_detected,score_36606872.000,319.0,2025-10-16T18:49:49.801169
ALL,pytorch_anomaly_detection,anomaly_detected,score_35919000.000,320.0,2025-10-16T18:49:49.801173
ALL,pytorch_anomaly_detection,anomaly_detected,score_11745098.000,321.0,2025-10-16T18:49:49.801177
ALL,pytorch_anomaly_detection,anomaly_detected,score_87720720.000,322.0,2025-10-16T18:49:49.801181
ALL,pytorch_anomaly_detection,anomaly_detected,score_54702956.000,323.0,2025-10-16T18:49:49.801185
ALL,pytorch_anomaly_detection,anomaly_detected,score_39615992.000,324.0,2025-10-16T18:49:49.801190
ALL,pytorch_anomaly_detection,anomaly_detected,score_73408016.000,325.0,2025-10-16T18:49:49.801194
ALL,pytorch_anomaly_detection,anomaly_detected,score_36225096.000,326.0,2025-10-16T18:49:49.801198
ALL,pytorch_anomaly_detection,anomaly_detected,score_34502120.000,327.0,2025-10-16T18:49:49.801202
ALL,pytorch_anomaly_detection,anomaly_detected,score_54541012.000,328.0,2025-10-16T18:49:49.801206
ALL,pytorch_anomaly_detection,anomaly_detected,score_70585832.000,329.0,2025-10-16T18:49:49.801210
ALL,pytorch_anomaly_detection,anomaly_detected,score_15779537.000,330.0,2025-10-16T18:49:49.801214
ALL,pytorch_anomaly_detection,anomaly_detected,score_75487672.000,331.0,2025-10-16T18:49:49.801218
ALL,pytorch_anomaly_detection,anomaly_detected,score_37448620.000,332.0,2025-10-16T18:49:49.801222
ALL,pytorch_anomaly_detection,anomaly_detected,score_45994376.000,333.0,2025-10-16T18:49:49.801226
ALL,pytorch_anomaly_detection,anomaly_detected,score_40749776.000,334.0,2025-10-16T18:49:49.801231
ALL,pytorch_anomaly_detection,anomaly_detected,score_36654712.000,335.0,2025-10-16T18:49:49.801235
ALL,pytorch_anomaly_detection,anomaly_detected,score_47459340.000,336.0,2025-10-16T18:49:49.801239
ALL,pytorch_anomaly_detection,anomaly_detected,score_70106824.000,337.0,2025-10-16T18:49:49.801243
ALL,pytorch_anomaly_detection,anomaly_detected,score_63356464.000,338.0,2025-10-16T18:49:49.801247
ALL,pytorch_anomaly_detection,anomaly_detected,score_48369600.000,339.0,2025-10-16T18:49:49.801251
ALL,pytorch_anomaly_detection,anomaly_detected,score_3752640.250,340.0,2025-10-16T18:49:49.801255
ALL,pytorch_anomaly_detection,anomaly_detected,score_35560568.000,341.0,2025-10-16T18:49:49.801264
ALL,pytorch_anomaly_detection,anomaly_detected,score_1148514.750,342.0,2025-10-16T18:49:49.801268
ALL,pytorch_anomaly_detection,anomaly_detected,score_19572896.000,343.0,2025-10-16T18:49:49.801272
ALL,pytorch_anomaly_detection,anomaly_detected,score_14760489.000,344.0,2025-10-16T18:49:49.801276
ALL,pytorch_anomaly_detection,anomaly_detected,score_35388852.000,345.0,2025-10-16T18:49:49.801281
ALL,pytorch_anomaly_detection,anomaly_detected,score_20368526.000,346.0,2025-10-16T18:49:49.801285
ALL,pytorch_anomaly_detection,anomaly_detected,score_68778360.000,347.0,2025-10-16T18:49:49.801289
ALL,pytorch_anomaly_detection,anomaly_detected,score_26843398.000,348.0,2025-10-16T18:49:49.801292
ALL,pytorch_anomaly_detection,anomaly_detected,score_14476217.000,349.0,2025-10-16T18:49:49.801297
ALL,pytorch_anomaly_detection,anomaly_detected,score_42845072.000,350.0,2025-10-16T18:49:49.801301
ALL,pytorch_anomaly_detection,anomaly_detected,score_14935059.000,351.0,2025-10-16T18:49:49.801305
ALL,pytorch_anomaly_detection,anomaly_detected,score_43904408.000,352.0,2025-10-16T18:49:49.801309
ALL,pytorch_anomaly_detection,anomaly_detected,score_26469058.000,353.0,2025-10-16T18:49:49.801313
ALL,pytorch_anomaly_detection,anomaly_detected,score_29430296.000,354.0,2025-10-16T18:49:49.801317
ALL,pytorch_anomaly_detection,anomaly_detected,score_45176268.000,355.0,2025-10-16T18:49:49.801321
ALL,pytorch_anomaly_detection,anomaly_detected,score_72518536.000,356.0,2025-10-16T18:49:49.801325
ALL,pytorch_anomaly_detection,anomaly_detected,score_63676100.000,357.0,2025-10-16T18:49:49.801331
ALL,pytorch_anomaly_detection,anomaly_detected,score_58297576.000,358.0,2025-10-16T18:49:49.801335
ALL,pytorch_anomaly_detection,anomaly_detected,score_64348220.000,359.0,2025-10-16T18:49:49.801339
ALL,pytorch_anomaly_detection,anomaly_detected,score_51920152.000,360.0,2025-10-16T18:49:49.801343
ALL,pytorch_anomaly_detection,anomaly_detected,score_23949842.000,361.0,2025-10-16T18:49:49.801347
ALL,pytorch_anomaly_detection,anomaly_detected,score_26675496.000,362.0,2025-10-16T18:49:49.801351
ALL,pytorch_anomaly_detection,anomaly_detected,score_60483788.000,363.0,2025-10-16T18:49:49.801355
ALL,pytorch_anomaly_detection,anomaly_detected,score_16824442.000,364.0,2025-10-16T18:49:49.801359
ALL,pytorch_anomaly_detection,anomaly_detected,score_77935584.000,365.0,2025-10-16T18:49:49.801363
ALL,pytorch_anomaly_detection,anomaly_detected,score_34804804.000,366.0,2025-10-16T18:49:49.801369
ALL,pytorch_anomaly_detection,anomaly_detected,score_47794408.000,367.0,2025-10-16T18:49:49.801373
ALL,pytorch_anomaly_detection,anomaly_detected,score_14614848.000,368.0,2025-10-16T18:49:49.801377
ALL,pytorch_anomaly_detection,anomaly_detected,score_12324802.000,369.0,2025-10-16T18:49:49.801381
ALL,pytorch_anomaly_detection,anomaly_detected,score_76548568.000,370.0,2025-10-16T18:49:49.801385
ALL,pytorch_anomaly_detection,anomaly_detected,score_11393008.000,371.0,2025-10-16T18:49:49.801389
ALL,pytorch_anomaly_detection,anomaly_detected,score_75806208.000,372.0,2025-10-16T18:49:49.801393
ALL,pytorch_anomaly_detection,anomaly_detected,score_41894804.000,373.0,2025-10-16T18:49:49.801397
ALL,pytorch_anomaly_detection,anomaly_detected,score_31963454.000,374.0,2025-10-16T18:49:49.801401
ALL,pytorch_anomaly_detection,anomaly_detected,score_43708440.000,375.0,2025-10-16T18:49:49.801405
ALL,pytorch_anomaly_detection,anomaly_detected,score_71601304.000,376.0,2025-10-16T18:49:49.801410
ALL,pytorch_anomaly_detection,anomaly_detected,score_40182824.000,377.0,2025-10-16T18:49:49.801414
ALL,pytorch_anomaly_detection,anomaly_detected,score_28687412.000,378.0,2025-10-16T18:49:49.801418
ALL,pytorch_anomaly_detection,anomaly_detected,score_52048996.000,379.0,2025-10-16T18:49:49.801422
ALL,pytorch_anomaly_detection,anomaly_detected,score_52604336.000,380.0,2025-10-16T18:49:49.801427
ALL,pytorch_anomaly_detection,anomaly_detected,score_67115136.000,381.0,2025-10-16T18:49:49.801431
ALL,pytorch_anomaly_detection,anomaly_detected,score_34813484.000,382.0,2025-10-16T18:49:49.801435
ALL,pytorch_anomaly_detection,anomaly_detected,score_46320244.000,383.0,2025-10-16T18:49:49.801439
ALL,pytorch_anomaly_detection,anomaly_detected,score_52178388.000,384.0,2025-10-16T18:49:49.801443
ALL,pytorch_anomaly_detection,anomaly_detected,score_38308168.000,385.0,2025-10-16T18:49:49.801448
ALL,pytorch_anomaly_detection,anomaly_detected,score_33571852.000,386.0,2025-10-16T18:49:49.801452
ALL,pytorch_anomaly_detection,anomaly_detected,score_78157720.000,387.0,2025-10-16T18:49:49.801456
ALL,pytorch_anomaly_detection,anomaly_detected,score_65244712.000,388.0,2025-10-16T18:49:49.801460
ALL,pytorch_anomaly_detection,anomaly_detected,score_37138128.000,389.0,2025-10-16T18:49:49.801464
ALL,pytorch_anomaly_detection,anomaly_detected,score_26054196.000,390.0,2025-10-16T18:49:49.801469
ALL,pytorch_anomaly_detection,anomaly_detected,score_16544920.000,391.0,2025-10-16T18:49:49.801473
ALL,pytorch_anomaly_detection,anomaly_detected,score_33242470.000,392.0,2025-10-16T18:49:49.801477
ALL,pytorch_anomaly_detection,anomaly_detected,score_60816604.000,393.0,2025-10-16T18:49:49.801481
ALL,pytorch_anomaly_detection,anomaly_detected,score_49801496.000,394.0,2025-10-16T18:49:49.801485
ALL,pytorch_anomaly_detection,anomaly_detected,score_99184936.000,395.0,2025-10-16T18:49:49.801489
ALL,pytorch_anomaly_detection,anomaly_detected,score_47592152.000,396.0,2025-10-16T18:49:49.801493
ALL,pytorch_anomaly_detection,anomaly_detected,score_36490680.000,397.0,2025-10-16T18:49:49.801497
ALL,pytorch_anomaly_detection,anomaly_detected,score_15123445.000,398.0,2025-10-16T18:49:49.801501
ALL,pytorch_anomaly_detection,anomaly_detected,score_43770112.000,399.0,2025-10-16T18:49:49.801506
ALL,pytorch_anomaly_detection,anomaly_detected,score_25450426.000,400.0,2025-10-16T18:49:49.801510
ALL,pytorch_anomaly_detection,anomaly_detected,score_33305786.000,401.0,2025-10-16T18:49:49.801514
ALL,pytorch_anomaly_detection,anomaly_detected,score_6467312.000,402.0,2025-10-16T18:49:49.801518
ALL,pytorch_anomaly_detection,anomaly_detected,score_12387803.000,403.0,2025-10-16T18:49:49.801522
ALL,pytorch_anomaly_detection,anomaly_detected,score_59530464.000,404.0,2025-10-16T18:49:49.801528
ALL,pytorch_anomaly_detection,anomaly_detected,score_6440756.000,405.0,2025-10-16T18:49:49.801532
ALL,pytorch_anomaly_detection,anomaly_detected,score_93343536.000,406.0,2025-10-16T18:49:49.801537
ALL,pytorch_anomaly_detection,anomaly_detected,score_41250968.000,407.0,2025-10-16T18:49:49.801541
ALL,pytorch_anomaly_detection,anomaly_detected,score_61784376.000,408.0,2025-10-16T18:49:49.801545
ALL,pytorch_anomaly_detection,anomaly_detected,score_16626207.000,409.0,2025-10-16T18:49:49.801549
ALL,pytorch_anomaly_detection,anomaly_detected,score_72652312.000,410.0,2025-10-16T18:49:49.801553
ALL,pytorch_anomaly_detection,anomaly_detected,score_53203296.000,411.0,2025-10-16T18:49:49.801557
ALL,pytorch_anomaly_detection,anomaly_detected,score_50717720.000,412.0,2025-10-16T18:49:49.801562
ALL,pytorch_anomaly_detection,anomaly_detected,score_101457480.000,413.0,2025-10-16T18:49:49.801566
ALL,pytorch_anomaly_detection,anomaly_detected,score_50953652.000,414.0,2025-10-16T18:49:49.801570
ALL,pytorch_anomaly_detection,anomaly_detected,score_41546248.000,415.0,2025-10-16T18:49:49.801574
ALL,pytorch_anomaly_detection,anomaly_detected,score_26896366.000,416.0,2025-10-16T18:49:49.801578
ALL,pytorch_anomaly_detection,anomaly_detected,score_52290600.000,417.0,2025-10-16T18:49:49.801582
ALL,pytorch_anomaly_detection,anomaly_detected,score_89959592.000,418.0,2025-10-16T18:49:49.801586
ALL,pytorch_anomaly_detection,anomaly_detected,score_68084752.000,419.0,2025-10-16T18:49:49.801590
ALL,pytorch_anomaly_detection,anomaly_detected,score_57336284.000,420.0,2025-10-16T18:49:49.801594
ALL,pytorch_anomaly_detection,anomaly_detected,score_37094812.000,421.0,2025-10-16T18:49:49.801598
ALL,pytorch_anomaly_detection,anomaly_detected,score_22907196.000,422.0,2025-10-16T18:49:49.801603
ALL,pytorch_anomaly_detection,anomaly_detected,score_80530024.000,423.0,2025-10-16T18:49:49.801607
ALL,pytorch_anomaly_detection,anomaly_detected,score_37612396.000,424.0,2025-10-16T18:49:49.801611
ALL,pytorch_anomaly_detection,anomaly_detected,score_94664184.000,425.0,2025-10-16T18:49:49.801615
ALL,pytorch_anomaly_detection,anomaly_detected,score_53277980.000,426.0,2025-10-16T18:49:49.801619
ALL,pytorch_anomaly_detection,anomaly_detected,score_43462952.000,427.0,2025-10-16T18:49:49.801623
ALL,pytorch_anomaly_detection,anomaly_detected,score_80660752.000,428.0,2025-10-16T18:49:49.801628
ALL,pytorch_anomaly_detection,anomaly_detected,score_30422062.000,429.0,2025-10-16T18:49:49.801632
ALL,pytorch_anomaly_detection,anomaly_detected,score_1142294.375,430.0,2025-10-16T18:49:49.801638
ALL,pytorch_anomaly_detection,anomaly_detected,score_34016328.000,431.0,2025-10-16T18:49:49.801642
ALL,pytorch_anomaly_detection,anomaly_detected,score_64956592.000,432.0,2025-10-16T18:49:49.801646
ALL,pytorch_anomaly_detection,anomaly_detected,score_22388938.000,433.0,2025-10-16T18:49:49.801650
ALL,pytorch_anomaly_detection,anomaly_detected,score_48493380.000,434.0,2025-10-16T18:49:49.801654
ALL,pytorch_anomaly_detection,anomaly_detected,score_8705565.000,435.0,2025-10-16T18:49:49.801659
ALL,pytorch_anomaly_detection,anomaly_detected,score_62369492.000,436.0,2025-10-16T18:49:49.801663
ALL,pytorch_anomaly_detection,anomaly_detected,score_35333712.000,437.0,2025-10-16T18:49:49.801667
ALL,pytorch_anomaly_detection,anomaly_detected,score_35341784.000,438.0,2025-10-16T18:49:49.801671
ALL,pytorch_anomaly_detection,anomaly_detected,score_79952696.000,439.0,2025-10-16T18:49:49.801675
ALL,pytorch_anomaly_detection,anomaly_detected,score_64691988.000,440.0,2025-10-16T18:49:49.801680
ALL,pytorch_anomaly_detection,anomaly_detected,score_59891348.000,441.0,2025-10-16T18:49:49.801684
ALL,pytorch_anomaly_detection,anomaly_detected,score_47187668.000,442.0,2025-10-16T18:49:49.801688
ALL,pytorch_anomaly_detection,anomaly_detected,score_70702384.000,443.0,2025-10-16T18:49:49.801692
ALL,pytorch_anomaly_detection,anomaly_detected,score_36841192.000,444.0,2025-10-16T18:49:49.801696
ALL,pytorch_anomaly_detection,anomaly_detected,score_18447264.000,445.0,2025-10-16T18:49:49.801700
ALL,pytorch_anomaly_detection,anomaly_detected,score_52750760.000,446.0,2025-10-16T18:49:49.801704
ALL,pytorch_anomaly_detection,anomaly_detected,score_40981004.000,447.0,2025-10-16T18:49:49.801708
ALL,pytorch_anomaly_detection,anomaly_detected,score_75987920.000,448.0,2025-10-16T18:49:49.801713
ALL,pytorch_anomaly_detection,anomaly_detected,score_77486496.000,449.0,2025-10-16T18:49:49.801717
ALL,pytorch_anomaly_detection,anomaly_detected,score_19525346.000,450.0,2025-10-16T18:49:49.801721
ALL,pytorch_anomaly_detection,anomaly_detected,score_43185672.000,451.0,2025-10-16T18:49:49.801725
ALL,pytorch_anomaly_detection,anomaly_detected,score_39288532.000,452.0,2025-10-16T18:49:49.801729
ALL,pytorch_anomaly_detection,anomaly_detected,score_38123768.000,453.0,2025-10-16T18:49:49.801733
ALL,pytorch_anomaly_detection,anomaly_detected,score_93567152.000,454.0,2025-10-16T18:49:49.801737
ALL,pytorch_anomaly_detection,anomaly_detected,score_33025040.000,455.0,2025-10-16T18:49:49.801741
ALL,pytorch_anomaly_detection,anomaly_detected,score_40780112.000,456.0,2025-10-16T18:49:49.801745
ALL,pytorch_anomaly_detection,anomaly_detected,score_28103998.000,457.0,2025-10-16T18:49:49.801750
ALL,pytorch_anomaly_detection,anomaly_detected,score_52703180.000,458.0,2025-10-16T18:49:49.801754
ALL,pytorch_anomaly_detection,anomaly_detected,score_56504388.000,459.0,2025-10-16T18:49:49.801758
ALL,pytorch_anomaly_detection,anomaly_detected,score_90146352.000,460.0,2025-10-16T18:49:49.801762
ALL,pytorch_anomaly_detection,anomaly_detected,score_74956120.000,461.0,2025-10-16T18:49:49.801766
ALL,pytorch_anomaly_detection,anomaly_detected,score_85319536.000,462.0,2025-10-16T18:49:49.801770
ALL,pytorch_anomaly_detection,anomaly_detected,score_7591974.500,463.0,2025-10-16T18:49:49.801774
ALL,pytorch_anomaly_detection,anomaly_detected,score_53852780.000,464.0,2025-10-16T18:49:49.801778
ALL,pytorch_anomaly_detection,anomaly_detected,score_52218896.000,465.0,2025-10-16T18:49:49.801783
ALL,pytorch_anomaly_detection,anomaly_detected,score_46090452.000,466.0,2025-10-16T18:49:49.801793
ALL,pytorch_anomaly_detection,anomaly_detected,score_66948684.000,467.0,2025-10-16T18:49:49.801798
ALL,pytorch_anomaly_detection,anomaly_detected,score_50428628.000,468.0,2025-10-16T18:49:49.801802
ALL,pytorch_anomaly_detection,anomaly_detected,score_38733712.000,469.0,2025-10-16T18:49:49.801806
ALL,pytorch_anomaly_detection,anomaly_detected,score_36250584.000,470.0,2025-10-16T18:49:49.801810
ALL,pytorch_anomaly_detection,anomaly_detected,score_40548156.000,471.0,2025-10-16T18:49:49.801814
ALL,pytorch_anomaly_detection,anomaly_detected,score_24475662.000,472.0,2025-10-16T18:49:49.801819
ALL,pytorch_anomaly_detection,anomaly_detected,score_14472282.000,473.0,2025-10-16T18:49:49.801823
ALL,pytorch_anomaly_detection,anomaly_detected,score_35524868.000,474.0,2025-10-16T18:49:49.801827
ALL,pytorch_anomaly_detection,anomaly_detected,score_63349052.000,475.0,2025-10-16T18:49:49.801831
ALL,pytorch_anomaly_detection,anomaly_detected,score_42682064.000,476.0,2025-10-16T18:49:49.801835
ALL,pytorch_anomaly_detection,anomaly_detected,score_32031598.000,477.0,2025-10-16T18:49:49.801839
ALL,pytorch_anomaly_detection,anomaly_detected,score_48784116.000,478.0,2025-10-16T18:49:49.801843
ALL,pytorch_anomaly_detection,anomaly_detected,score_62552452.000,479.0,2025-10-16T18:49:49.801847
ALL,pytorch_anomaly_detection,anomaly_detected,score_39550400.000,480.0,2025-10-16T18:49:49.801852
ALL,pytorch_anomaly_detection,anomaly_detected,score_28131900.000,481.0,2025-10-16T18:49:49.801856
ALL,pytorch_anomaly_detection,anomaly_detected,score_45068816.000,482.0,2025-10-16T18:49:49.801860
ALL,pytorch_anomaly_detection,anomaly_detected,score_50768584.000,483.0,2025-10-16T18:49:49.801864
ALL,pytorch_anomaly_detection,anomaly_detected,score_29900446.000,484.0,2025-10-16T18:49:49.801868
ALL,pytorch_anomaly_detection,anomaly_detected,score_36344580.000,485.0,2025-10-16T18:49:49.801872
ALL,pytorch_anomaly_detection,anomaly_detected,score_26957306.000,486.0,2025-10-16T18:49:49.801876
ALL,pytorch_anomaly_detection,anomaly_detected,score_48137504.000,487.0,2025-10-16T18:49:49.801883
ALL,pytorch_anomaly_detection,anomaly_detected,score_42829464.000,488.0,2025-10-16T18:49:49.801959
ALL,pytorch_anomaly_detection,anomaly_detected,score_50434232.000,489.0,2025-10-16T18:49:49.801963
ALL,pytorch_anomaly_detection,anomaly_detected,score_71206384.000,490.0,2025-10-16T18:49:49.801967
ALL,pytorch_anomaly_detection,anomaly_detected,score_32565384.000,491.0,2025-10-16T18:49:49.801973
ALL,pytorch_anomaly_detection,anomaly_detected,score_28103094.000,492.0,2025-10-16T18:49:49.801977
ALL,pytorch_anomaly_detection,anomaly_detected,score_28163788.000,493.0,2025-10-16T18:49:49.801982
ALL,pytorch_anomaly_detection,anomaly_detected,score_102959768.000,494.0,2025-10-16T18:49:49.801986
ALL,pytorch_anomaly_detection,anomaly_detected,score_55419812.000,495.0,2025-10-16T18:49:49.801990
ALL,pytorch_anomaly_detection,anomaly_detected,score_43812272.000,496.0,2025-10-16T18:49:49.801994
ALL,pytorch_anomaly_detection,anomaly_detected,score_50735928.000,497.0,2025-10-16T18:49:49.801998
ALL,pytorch_anomaly_detection,anomaly_detected,score_85490000.000,498.0,2025-10-16T18:49:49.802002
ALL,pytorch_anomaly_detection,anomaly_detected,score_58988676.000,499.0,2025-10-16T18:49:49.802008
ALL,pytorch_anomaly_detection,anomaly_detected,score_21161544.000,500.0,2025-10-16T18:49:49.802013
ALL,pytorch_anomaly_detection,anomaly_detected,score_54710560.000,501.0,2025-10-16T18:49:49.802017
ALL,pytorch_anomaly_detection,anomaly_detected,score_22086994.000,502.0,2025-10-16T18:49:49.802021
ALL,pytorch_anomaly_detection,anomaly_detected,score_45943720.000,503.0,2025-10-16T18:49:49.802025
ALL,pytorch_anomaly_detection,anomaly_detected,score_59830360.000,504.0,2025-10-16T18:49:49.802029
ALL,pytorch_anomaly_detection,anomaly_detected,score_24541066.000,505.0,2025-10-16T18:49:49.802033
ALL,pytorch_anomaly_detection,anomaly_detected,score_105669016.000,506.0,2025-10-16T18:49:49.802037
ALL,pytorch_anomaly_detection,anomaly_detected,score_21987038.000,507.0,2025-10-16T18:49:49.802041
ALL,pytorch_anomaly_detection,anomaly_detected,score_43724420.000,508.0,2025-10-16T18:49:49.802045
ALL,pytorch_anomaly_detection,anomaly_detected,score_20809154.000,509.0,2025-10-16T18:49:49.802050
ALL,pytorch_anomaly_detection,anomaly_detected,score_26782486.000,510.0,2025-10-16T18:49:49.802054
ALL,pytorch_anomaly_detection,anomaly_detected,score_21447022.000,511.0,2025-10-16T18:49:49.802058
ALL,pytorch_anomaly_detection,anomaly_detected,score_27504450.000,512.0,2025-10-16T18:49:49.802062
ALL,pytorch_anomaly_detection,anomaly_detected,score_51432332.000,513.0,2025-10-16T18:49:49.802066
ALL,pytorch_anomaly_detection,anomaly_detected,score_64648120.000,514.0,2025-10-16T18:49:49.802071
ALL,pytorch_anomaly_detection,anomaly_detected,score_36850580.000,515.0,2025-10-16T18:49:49.802076
ALL,pytorch_anomaly_detection,anomaly_detected,score_46039856.000,516.0,2025-10-16T18:49:49.802080
ALL,pytorch_anomaly_detection,anomaly_detected,score_49887532.000,517.0,2025-10-16T18:49:49.802084
ALL,pytorch_anomaly_detection,anomaly_detected,score_33841580.000,518.0,2025-10-16T18:49:49.802088
ALL,pytorch_anomaly_detection,anomaly_detected,score_89268952.000,519.0,2025-10-16T18:49:49.802092
ALL,pytorch_anomaly_detection,anomaly_detected,score_14139229.000,520.0,2025-10-16T18:49:49.802096
ALL,pytorch_anomaly_detection,anomaly_detected,score_69151856.000,521.0,2025-10-16T18:49:49.802102
ALL,pytorch_anomaly_detection,anomaly_detected,score_51515496.000,522.0,2025-10-16T18:49:49.802106
ALL,pytorch_anomaly_detection,anomaly_detected,score_33698332.000,523.0,2025-10-16T18:49:49.802110
ALL,pytorch_anomaly_detection,anomaly_detected,score_13226649.000,524.0,2025-10-16T18:49:49.802114
ALL,pytorch_anomaly_detection,anomaly_detected,score_47729088.000,525.0,2025-10-16T18:49:49.802119
ALL,pytorch_anomaly_detection,anomaly_detected,score_35426792.000,526.0,2025-10-16T18:49:49.802123
ALL,pytorch_anomaly_detection,anomaly_detected,score_52883872.000,527.0,2025-10-16T18:49:49.802127
ALL,pytorch_anomaly_detection,anomaly_detected,score_48381628.000,528.0,2025-10-16T18:49:49.802131
ALL,pytorch_anomaly_detection,anomaly_detected,score_7915614.000,529.0,2025-10-16T18:49:49.802135
ALL,pytorch_anomaly_detection,anomaly_detected,score_20866948.000,530.0,2025-10-16T18:49:49.802139
ALL,pytorch_anomaly_detection,anomaly_detected,score_64980984.000,531.0,2025-10-16T18:49:49.802143
ALL,pytorch_anomaly_detection,anomaly_detected,score_22509222.000,532.0,2025-10-16T18:49:49.802147
ALL,pytorch_anomaly_detection,anomaly_detected,score_26270040.000,533.0,2025-10-16T18:49:49.802151
ALL,pytorch_anomaly_detection,anomaly_detected,score_80445696.000,534.0,2025-10-16T18:49:49.802155
ALL,pytorch_anomaly_detection,anomaly_detected,score_61647176.000,535.0,2025-10-16T18:49:49.802159
ALL,pytorch_anomaly_detection,anomaly_detected,score_62733580.000,536.0,2025-10-16T18:49:49.802164
ALL,pytorch_anomaly_detection,anomaly_detected,score_50307772.000,537.0,2025-10-16T18:49:49.802168
ALL,pytorch_anomaly_detection,anomaly_detected,score_33295610.000,538.0,2025-10-16T18:49:49.802172
ALL,pytorch_anomaly_detection,anomaly_detected,score_89070664.000,539.0,2025-10-16T18:49:49.802176
ALL,pytorch_anomaly_detection,anomaly_detected,score_94231808.000,540.0,2025-10-16T18:49:49.802180
ALL,pytorch_anomaly_detection,anomaly_detected,score_88715800.000,541.0,2025-10-16T18:49:49.802184
ALL,pytorch_anomaly_detection,anomaly_detected,score_48455072.000,542.0,2025-10-16T18:49:49.802188
ALL,pytorch_anomaly_detection,anomaly_detected,score_83986792.000,543.0,2025-10-16T18:49:49.802192
ALL,pytorch_anomaly_detection,anomaly_detected,score_59975180.000,544.0,2025-10-16T18:49:49.802196
ALL,pytorch_anomaly_detection,anomaly_detected,score_5768815.000,545.0,2025-10-16T18:49:49.802200
ALL,pytorch_anomaly_detection,anomaly_detected,score_80925432.000,546.0,2025-10-16T18:49:49.802204
ALL,pytorch_anomaly_detection,anomaly_detected,score_47243288.000,547.0,2025-10-16T18:49:49.802208
ALL,pytorch_anomaly_detection,anomaly_detected,score_33402874.000,548.0,2025-10-16T18:49:49.802214
ALL,pytorch_anomaly_detection,anomaly_detected,score_60376468.000,549.0,2025-10-16T18:49:49.802218
ALL,pytorch_anomaly_detection,anomaly_detected,score_10314566.000,550.0,2025-10-16T18:49:49.802222
ALL,pytorch_anomaly_detection,anomaly_detected,score_26125016.000,551.0,2025-10-16T18:49:49.802226
ALL,pytorch_anomaly_detection,anomaly_detected,score_33078290.000,552.0,2025-10-16T18:49:49.802230
ALL,pytorch_anomaly_detection,anomaly_detected,score_37583168.000,553.0,2025-10-16T18:49:49.802234
ALL,pytorch_anomaly_detection,anomaly_detected,score_22886904.000,554.0,2025-10-16T18:49:49.802238
ALL,pytorch_anomaly_detection,anomaly_detected,score_49949808.000,555.0,2025-10-16T18:49:49.802242
ALL,pytorch_anomaly_detection,anomaly_detected,score_13086986.000,556.0,2025-10-16T18:49:49.802246
ALL,pytorch_anomaly_detection,anomaly_detected,score_75540272.000,557.0,2025-10-16T18:49:49.802250
ALL,pytorch_anomaly_detection,anomaly_detected,score_33240618.000,558.0,2025-10-16T18:49:49.802255
ALL,pytorch_anomaly_detection,anomaly_detected,score_2286574.000,559.0,2025-10-16T18:49:49.802259
ALL,pytorch_anomaly_detection,anomaly_detected,score_72720880.000,560.0,2025-10-16T18:49:49.802263
ALL,pytorch_anomaly_detection,anomaly_detected,score_29041608.000,561.0,2025-10-16T18:49:49.802267
ALL,pytorch_anomaly_detection,anomaly_detected,score_5727887.500,562.0,2025-10-16T18:49:49.802271
ALL,pytorch_anomaly_detection,anomaly_detected,score_64440048.000,563.0,2025-10-16T18:49:49.802275
ALL,pytorch_anomaly_detection,anomaly_detected,score_38187664.000,564.0,2025-10-16T18:49:49.802280
ALL,pytorch_anomaly_detection,anomaly_detected,score_52217096.000,565.0,2025-10-16T18:49:49.802284
ALL,pytorch_anomaly_detection,anomaly_detected,score_73671384.000,566.0,2025-10-16T18:49:49.802288
ALL,pytorch_anomaly_detection,anomaly_detected,score_13331257.000,567.0,2025-10-16T18:49:49.802292
ALL,pytorch_anomaly_detection,anomaly_detected,score_29579258.000,568.0,2025-10-16T18:49:49.802296
ALL,pytorch_anomaly_detection,anomaly_detected,score_66098100.000,569.0,2025-10-16T18:49:49.802300
ALL,pytorch_anomaly_detection,anomaly_detected,score_66878952.000,570.0,2025-10-16T18:49:49.802304
ALL,pytorch_anomaly_detection,anomaly_detected,score_84916496.000,571.0,2025-10-16T18:49:49.802308
ALL,pytorch_anomaly_detection,anomaly_detected,score_16951592.000,572.0,2025-10-16T18:49:49.802313
ALL,pytorch_anomaly_detection,anomaly_detected,score_23470130.000,573.0,2025-10-16T18:49:49.802317
ALL,pytorch_anomaly_detection,anomaly_detected,score_27681266.000,574.0,2025-10-16T18:49:49.802321
ALL,pytorch_anomaly_detection,anomaly_detected,score_28463866.000,575.0,2025-10-16T18:49:49.802325
ALL,pytorch_anomaly_detection,anomaly_detected,score_44288640.000,576.0,2025-10-16T18:49:49.802329
ALL,pytorch_anomaly_detection,anomaly_detected,score_32166924.000,577.0,2025-10-16T18:49:49.802333
ALL,pytorch_anomaly_detection,anomaly_detected,score_28386804.000,578.0,2025-10-16T18:49:49.802337
ALL,pytorch_anomaly_detection,anomaly_detected,score_62801140.000,579.0,2025-10-16T18:49:49.802342
ALL,pytorch_anomaly_detection,anomaly_detected,score_54812648.000,580.0,2025-10-16T18:49:49.802347
ALL,pytorch_anomaly_detection,anomaly_detected,score_24641380.000,581.0,2025-10-16T18:49:49.802351
ALL,pytorch_anomaly_detection,anomaly_detected,score_24325286.000,582.0,2025-10-16T18:49:49.802355
ALL,pytorch_anomaly_detection,anomaly_detected,score_65159264.000,583.0,2025-10-16T18:49:49.802359
ALL,pytorch_anomaly_detection,anomaly_detected,score_47778984.000,584.0,2025-10-16T18:49:49.802363
ALL,pytorch_anomaly_detection,anomaly_detected,score_29223834.000,585.0,2025-10-16T18:49:49.802367
ALL,pytorch_anomaly_detection,anomaly_detected,score_60159748.000,586.0,2025-10-16T18:49:49.802373
ALL,pytorch_anomaly_detection,anomaly_detected,score_36682652.000,587.0,2025-10-16T18:49:49.802377
ALL,pytorch_anomaly_detection,anomaly_detected,score_12732911.000,588.0,2025-10-16T18:49:49.802381
ALL,pytorch_anomaly_detection,anomaly_detected,score_96889360.000,589.0,2025-10-16T18:49:49.802385
ALL,pytorch_anomaly_detection,anomaly_detected,score_58376820.000,590.0,2025-10-16T18:49:49.802389
ALL,pytorch_anomaly_detection,anomaly_detected,score_76792160.000,591.0,2025-10-16T18:49:49.802394
ALL,pytorch_anomaly_detection,anomaly_detected,score_23223234.000,592.0,2025-10-16T18:49:49.802398
ALL,pytorch_anomaly_detection,anomaly_detected,score_54203732.000,593.0,2025-10-16T18:49:49.802402
ALL,pytorch_anomaly_detection,anomaly_detected,score_32426002.000,594.0,2025-10-16T18:49:49.802406
ALL,pytorch_anomaly_detection,anomaly_detected,score_36974492.000,595.0,2025-10-16T18:49:49.802410
ALL,pytorch_anomaly_detection,anomaly_detected,score_18076984.000,596.0,2025-10-16T18:49:49.802414
ALL,pytorch_anomaly_detection,anomaly_detected,score_11556927.000,597.0,2025-10-16T18:49:49.802418
ALL,pytorch_anomaly_detection,anomaly_detected,score_56068032.000,598.0,2025-10-16T18:49:49.802422
ALL,pytorch_anomaly_detection,anomaly_detected,score_49432824.000,599.0,2025-10-16T18:49:49.802426
ALL,pytorch_anomaly_detection,anomaly_detected,score_47534156.000,600.0,2025-10-16T18:49:49.802430
ALL,pytorch_anomaly_detection,anomaly_detected,score_16742233.000,601.0,2025-10-16T18:49:49.802434
ALL,pytorch_anomaly_detection,anomaly_detected,score_19354342.000,602.0,2025-10-16T18:49:49.802438
ALL,pytorch_anomaly_detection,anomaly_detected,score_52172728.000,603.0,2025-10-16T18:49:49.802442
ALL,pytorch_anomaly_detection,anomaly_detected,score_55317856.000,604.0,2025-10-16T18:49:49.802447
ALL,pytorch_anomaly_detection,anomaly_detected,score_24271830.000,605.0,2025-10-16T18:49:49.802451
ALL,pytorch_anomaly_detection,anomaly_detected,score_53613016.000,606.0,2025-10-16T18:49:49.802455
ALL,pytorch_anomaly_detection,anomaly_detected,score_81511128.000,607.0,2025-10-16T18:49:49.802459
ALL,pytorch_anomaly_detection,anomaly_detected,score_68260136.000,608.0,2025-10-16T18:49:49.802464
ALL,pytorch_anomaly_detection,anomaly_detected,score_43995388.000,609.0,2025-10-16T18:49:49.802468
ALL,pytorch_anomaly_detection,anomaly_detected,score_35536620.000,610.0,2025-10-16T18:49:49.802472
ALL,pytorch_anomaly_detection,anomaly_detected,score_18529788.000,611.0,2025-10-16T18:49:49.802476
ALL,pytorch_anomaly_detection,anomaly_detected,score_65528068.000,612.0,2025-10-16T18:49:49.802482
ALL,pytorch_anomaly_detection,anomaly_detected,score_23495372.000,613.0,2025-10-16T18:49:49.802486
ALL,pytorch_anomaly_detection,anomaly_detected,score_46716920.000,614.0,2025-10-16T18:49:49.802491
ALL,pytorch_anomaly_detection,anomaly_detected,score_77462336.000,615.0,2025-10-16T18:49:49.802495
ALL,pytorch_anomaly_detection,anomaly_detected,score_31574744.000,616.0,2025-10-16T18:49:49.802499
ALL,pytorch_anomaly_detection,anomaly_detected,score_29992122.000,617.0,2025-10-16T18:49:49.802503
ALL,pytorch_anomaly_detection,anomaly_detected,score_60611652.000,618.0,2025-10-16T18:49:49.802507
ALL,pytorch_anomaly_detection,anomaly_detected,score_26400172.000,619.0,2025-10-16T18:49:49.802511
ALL,pytorch_anomaly_detection,anomaly_detected,score_36811740.000,620.0,2025-10-16T18:49:49.802515
ALL,pytorch_anomaly_detection,anomaly_detected,score_17386200.000,621.0,2025-10-16T18:49:49.802519
ALL,pytorch_anomaly_detection,anomaly_detected,score_34309772.000,622.0,2025-10-16T18:49:49.802524
ALL,pytorch_anomaly_detection,anomaly_detected,score_29529464.000,623.0,2025-10-16T18:49:49.802528
ALL,pytorch_anomaly_detection,anomaly_detected,score_20290840.000,624.0,2025-10-16T18:49:49.802532
ALL,pytorch_anomaly_detection,anomaly_detected,score_54567708.000,625.0,2025-10-16T18:49:49.802536
ALL,pytorch_anomaly_detection,anomaly_detected,score_60795704.000,626.0,2025-10-16T18:49:49.802540
ALL,pytorch_anomaly_detection,anomaly_detected,score_46397296.000,627.0,2025-10-16T18:49:49.802544
ALL,pytorch_anomaly_detection,anomaly_detected,score_88731864.000,628.0,2025-10-16T18:49:49.802548
ALL,pytorch_anomaly_detection,anomaly_detected,score_62060312.000,629.0,2025-10-16T18:49:49.802552
ALL,pytorch_anomaly_detection,anomaly_detected,score_35216800.000,630.0,2025-10-16T18:49:49.802556
ALL,pytorch_anomaly_detection,anomaly_detected,score_87831344.000,631.0,2025-10-16T18:49:49.802560
ALL,pytorch_anomaly_detection,anomaly_detected,score_76364624.000,632.0,2025-10-16T18:49:49.802564
ALL,pytorch_anomaly_detection,anomaly_detected,score_67190048.000,633.0,2025-10-16T18:49:49.802569
ALL,pytorch_anomaly_detection,anomaly_detected,score_2971836.500,634.0,2025-10-16T18:49:49.802573
ALL,pytorch_anomaly_detection,anomaly_detected,score_30982182.000,635.0,2025-10-16T18:49:49.802577
ALL,pytorch_anomaly_detection,anomaly_detected,score_50081012.000,636.0,2025-10-16T18:49:49.802581
ALL,pytorch_anomaly_detection,anomaly_detected,score_94720016.000,637.0,2025-10-16T18:49:49.802585
ALL,pytorch_anomaly_detection,anomaly_detected,score_23972292.000,638.0,2025-10-16T18:49:49.802589
ALL,pytorch_anomaly_detection,anomaly_detected,score_75199704.000,639.0,2025-10-16T18:49:49.802593
ALL,pytorch_anomaly_detection,anomaly_detected,score_47689328.000,640.0,2025-10-16T18:49:49.802597
ALL,pytorch_anomaly_detection,anomaly_detected,score_20912598.000,641.0,2025-10-16T18:49:49.802606
ALL,pytorch_anomaly_detection,anomaly_detected,score_28764154.000,642.0,2025-10-16T18:49:49.802611
ALL,pytorch_anomaly_detection,anomaly_detected,score_38897544.000,643.0,2025-10-16T18:49:49.802615
ALL,pytorch_anomaly_detection,anomaly_detected,score_34327964.000,644.0,2025-10-16T18:49:49.802619
ALL,pytorch_anomaly_detection,anomaly_detected,score_36450084.000,645.0,2025-10-16T18:49:49.802623
ALL,pytorch_anomaly_detection,anomaly_detected,score_32011878.000,646.0,2025-10-16T18:49:49.802627
ALL,pytorch_anomaly_detection,anomaly_detected,score_33396716.000,647.0,2025-10-16T18:49:49.802631
ALL,pytorch_anomaly_detection,anomaly_detected,score_36104156.000,648.0,2025-10-16T18:49:49.802635
ALL,pytorch_anomaly_detection,anomaly_detected,score_53165640.000,649.0,2025-10-16T18:49:49.802639
ALL,pytorch_anomaly_detection,anomaly_detected,score_75504264.000,650.0,2025-10-16T18:49:49.802643
ALL,pytorch_anomaly_detection,anomaly_detected,score_11703055.000,651.0,2025-10-16T18:49:49.802648
ALL,pytorch_anomaly_detection,anomaly_detected,score_21513190.000,652.0,2025-10-16T18:49:49.802652
ALL,pytorch_anomaly_detection,anomaly_detected,score_77096400.000,653.0,2025-10-16T18:49:49.802656
ALL,pytorch_anomaly_detection,anomaly_detected,score_66388960.000,654.0,2025-10-16T18:49:49.802660
ALL,pytorch_anomaly_detection,anomaly_detected,score_50469784.000,655.0,2025-10-16T18:49:49.802664
ALL,pytorch_anomaly_detection,anomaly_detected,score_27187402.000,656.0,2025-10-16T18:49:49.802668
ALL,pytorch_anomaly_detection,anomaly_detected,score_18743698.000,657.0,2025-10-16T18:49:49.802672
ALL,pytorch_anomaly_detection,anomaly_detected,score_85342712.000,658.0,2025-10-16T18:49:49.802676
ALL,pytorch_anomaly_detection,anomaly_detected,score_32674062.000,659.0,2025-10-16T18:49:49.802681
ALL,pytorch_anomaly_detection,anomaly_detected,score_40585652.000,660.0,2025-10-16T18:49:49.802685
ALL,pytorch_anomaly_detection,anomaly_detected,score_43597516.000,661.0,2025-10-16T18:49:49.802689
ALL,pytorch_anomaly_detection,anomaly_detected,score_18299100.000,662.0,2025-10-16T18:49:49.802694
ALL,pytorch_anomaly_detection,anomaly_detected,score_68513872.000,663.0,2025-10-16T18:49:49.802698
ALL,pytorch_anomaly_detection,anomaly_detected,score_27690810.000,664.0,2025-10-16T18:49:49.802702
ALL,pytorch_anomaly_detection,anomaly_detected,score_61658940.000,665.0,2025-10-16T18:49:49.802706
ALL,pytorch_anomaly_detection,anomaly_detected,score_44514700.000,666.0,2025-10-16T18:49:49.802711
ALL,pytorch_anomaly_detection,anomaly_detected,score_64792388.000,667.0,2025-10-16T18:49:49.802717
ALL,pytorch_anomaly_detection,anomaly_detected,score_45086376.000,668.0,2025-10-16T18:49:49.802722
ALL,pytorch_anomaly_detection,anomaly_detected,score_56574224.000,669.0,2025-10-16T18:49:49.802727
ALL,pytorch_anomaly_detection,anomaly_detected,score_48579144.000,670.0,2025-10-16T18:49:49.802731
ALL,pytorch_anomaly_detection,anomaly_detected,score_58884764.000,671.0,2025-10-16T18:49:49.802735
ALL,pytorch_anomaly_detection,anomaly_detected,score_22940418.000,672.0,2025-10-16T18:49:49.802739
ALL,pytorch_anomaly_detection,anomaly_detected,score_76807776.000,673.0,2025-10-16T18:49:49.802745
ALL,pytorch_anomaly_detection,anomaly_detected,score_31921174.000,674.0,2025-10-16T18:49:49.802749
ALL,pytorch_anomaly_detection,anomaly_detected,score_54977980.000,675.0,2025-10-16T18:49:49.802753
ALL,pytorch_anomaly_detection,anomaly_detected,score_56412056.000,676.0,2025-10-16T18:49:49.802757
ALL,pytorch_anomaly_detection,anomaly_detected,score_64512624.000,677.0,2025-10-16T18:49:49.802761
ALL,pytorch_anomaly_detection,anomaly_detected,score_33777268.000,678.0,2025-10-16T18:49:49.802765
ALL,pytorch_anomaly_detection,anomaly_detected,score_49766812.000,679.0,2025-10-16T18:49:49.802770
ALL,pytorch_anomaly_detection,anomaly_detected,score_70539416.000,680.0,2025-10-16T18:49:49.802774
ALL,pytorch_anomaly_detection,anomaly_detected,score_12754070.000,681.0,2025-10-16T18:49:49.802779
ALL,pytorch_anomaly_detection,anomaly_detected,score_38918480.000,682.0,2025-10-16T18:49:49.802784
ALL,pytorch_anomaly_detection,anomaly_detected,score_10015897.000,683.0,2025-10-16T18:49:49.802788
ALL,pytorch_anomaly_detection,anomaly_detected,score_18267792.000,684.0,2025-10-16T18:49:49.802792
ALL,pytorch_anomaly_detection,anomaly_detected,score_62125428.000,685.0,2025-10-16T18:49:49.802796
ALL,pytorch_anomaly_detection,anomaly_detected,score_34582060.000,686.0,2025-10-16T18:49:49.802800
ALL,pytorch_anomaly_detection,anomaly_detected,score_62179256.000,687.0,2025-10-16T18:49:49.802804
ALL,pytorch_anomaly_detection,anomaly_detected,score_54432320.000,688.0,2025-10-16T18:49:49.802808
ALL,pytorch_anomaly_detection,anomaly_detected,score_35126212.000,689.0,2025-10-16T18:49:49.802812
ALL,pytorch_anomaly_detection,anomaly_detected,score_45789192.000,690.0,2025-10-16T18:49:49.802816
ALL,pytorch_anomaly_detection,anomaly_detected,score_5594557.000,691.0,2025-10-16T18:49:49.802820
ALL,pytorch_anomaly_detection,anomaly_detected,score_32577308.000,692.0,2025-10-16T18:49:49.802825
ALL,pytorch_anomaly_detection,anomaly_detected,score_33840796.000,693.0,2025-10-16T18:49:49.802829
ALL,pytorch_anomaly_detection,anomaly_detected,score_40289824.000,694.0,2025-10-16T18:49:49.802833
ALL,pytorch_anomaly_detection,anomaly_detected,score_65829836.000,695.0,2025-10-16T18:49:49.802837
ALL,pytorch_anomaly_detection,anomaly_detected,score_37371356.000,696.0,2025-10-16T18:49:49.802841
ALL,pytorch_anomaly_detection,anomaly_detected,score_69230792.000,697.0,2025-10-16T18:49:49.802845
ALL,pytorch_anomaly_detection,anomaly_detected,score_52590308.000,698.0,2025-10-16T18:49:49.802849
ALL,pytorch_anomaly_detection,anomaly_detected,score_66774640.000,699.0,2025-10-16T18:49:49.802853
ALL,pytorch_anomaly_detection,anomaly_detected,score_38438408.000,700.0,2025-10-16T18:49:49.802857
ALL,pytorch_anomaly_detection,anomaly_detected,score_7698178.500,701.0,2025-10-16T18:49:49.802862
ALL,pytorch_anomaly_detection,anomaly_detected,score_17493996.000,702.0,2025-10-16T18:49:49.802866
ALL,pytorch_anomaly_detection,anomaly_detected,score_43535344.000,703.0,2025-10-16T18:49:49.802871
ALL,pytorch_anomaly_detection,anomaly_detected,score_46586352.000,704.0,2025-10-16T18:49:49.802875
ALL,pytorch_anomaly_detection,anomaly_detected,score_14296821.000,705.0,2025-10-16T18:49:49.802879
ALL,pytorch_anomaly_detection,anomaly_detected,score_40977804.000,706.0,2025-10-16T18:49:49.802883
ALL,pytorch_anomaly_detection,anomaly_detected,score_30334192.000,707.0,2025-10-16T18:49:49.802888
ALL,pytorch_anomaly_detection,anomaly_detected,score_44359944.000,708.0,2025-10-16T18:49:49.802892
ALL,pytorch_anomaly_detection,anomaly_detected,score_78588552.000,709.0,2025-10-16T18:49:49.802896
ALL,pytorch_anomaly_detection,anomaly_detected,score_2367403.000,710.0,2025-10-16T18:49:49.802901
ALL,pytorch_anomaly_detection,anomaly_detected,score_28257556.000,711.0,2025-10-16T18:49:49.802905
ALL,pytorch_anomaly_detection,anomaly_detected,score_67030640.000,712.0,2025-10-16T18:49:49.802909
ALL,pytorch_anomaly_detection,anomaly_detected,score_46233680.000,713.0,2025-10-16T18:49:49.802914
ALL,pytorch_anomaly_detection,anomaly_detected,score_72053240.000,714.0,2025-10-16T18:49:49.802918
ALL,pytorch_anomaly_detection,anomaly_detected,score_7628609.000,715.0,2025-10-16T18:49:49.802922
ALL,pytorch_anomaly_detection,anomaly_detected,score_83849408.000,716.0,2025-10-16T18:49:49.802926
ALL,pytorch_anomaly_detection,anomaly_detected,score_78127824.000,717.0,2025-10-16T18:49:49.802930
ALL,pytorch_anomaly_detection,anomaly_detected,score_93036760.000,718.0,2025-10-16T18:49:49.802935
ALL,pytorch_anomaly_detection,anomaly_detected,score_48206628.000,719.0,2025-10-16T18:49:49.802939
ALL,pytorch_anomaly_detection,anomaly_detected,score_58906672.000,720.0,2025-10-16T18:49:49.802943
ALL,pytorch_anomaly_detection,anomaly_detected,score_48564624.000,721.0,2025-10-16T18:49:49.802947
ALL,pytorch_anomaly_detection,anomaly_detected,score_53050040.000,722.0,2025-10-16T18:49:49.802951
ALL,pytorch_anomaly_detection,anomaly_detected,score_26181250.000,723.0,2025-10-16T18:49:49.802955
ALL,pytorch_anomaly_detection,anomaly_detected,score_78137448.000,724.0,2025-10-16T18:49:49.802959
ALL,pytorch_anomaly_detection,anomaly_detected,score_83413288.000,725.0,2025-10-16T18:49:49.802963
ALL,pytorch_anomaly_detection,anomaly_detected,score_67008860.000,726.0,2025-10-16T18:49:49.802967
ALL,pytorch_anomaly_detection,anomaly_detected,score_47952404.000,727.0,2025-10-16T18:49:49.802971
ALL,pytorch_anomaly_detection,anomaly_detected,score_12487593.000,728.0,2025-10-16T18:49:49.802975
ALL,pytorch_anomaly_detection,anomaly_detected,score_35143340.000,729.0,2025-10-16T18:49:49.802979
ALL,pytorch_anomaly_detection,anomaly_detected,score_51022976.000,730.0,2025-10-16T18:49:49.802983
ALL,pytorch_anomaly_detection,anomaly_detected,score_68630024.000,731.0,2025-10-16T18:49:49.802988
ALL,pytorch_anomaly_detection,anomaly_detected,score_54408816.000,732.0,2025-10-16T18:49:49.802991
ALL,pytorch_anomaly_detection,anomaly_detected,score_25709586.000,733.0,2025-10-16T18:49:49.802996
ALL,pytorch_anomaly_detection,anomaly_detected,score_49794196.000,734.0,2025-10-16T18:49:49.803000
ALL,pytorch_anomaly_detection,anomaly_detected,score_55584128.000,735.0,2025-10-16T18:49:49.803004
ALL,pytorch_anomaly_detection,anomaly_detected,score_84982312.000,736.0,2025-10-16T18:49:49.803009
ALL,pytorch_anomaly_detection,anomaly_detected,score_86974944.000,737.0,2025-10-16T18:49:49.803013
ALL,pytorch_anomaly_detection,anomaly_detected,score_32003396.000,738.0,2025-10-16T18:49:49.803017
ALL,pytorch_anomaly_detection,anomaly_detected,score_66597808.000,739.0,2025-10-16T18:49:49.803021
ALL,pytorch_anomaly_detection,anomaly_detected,score_50000204.000,740.0,2025-10-16T18:49:49.803025
ALL,pytorch_anomaly_detection,anomaly_detected,score_82894880.000,741.0,2025-10-16T18:49:49.803030
ALL,pytorch_anomaly_detection,anomaly_detected,score_23718824.000,742.0,2025-10-16T18:49:49.803034
ALL,pytorch_anomaly_detection,anomaly_detected,score_73765192.000,743.0,2025-10-16T18:49:49.803039
ALL,pytorch_anomaly_detection,anomaly_detected,score_59622240.000,744.0,2025-10-16T18:49:49.803043
ALL,pytorch_anomaly_detection,anomaly_detected,score_68638976.000,745.0,2025-10-16T18:49:49.803047
ALL,pytorch_anomaly_detection,anomaly_detected,score_60374624.000,746.0,2025-10-16T18:49:49.803051
ALL,pytorch_anomaly_detection,anomaly_detected,score_54999792.000,747.0,2025-10-16T18:49:49.803055
ALL,pytorch_anomaly_detection,anomaly_detected,score_68386208.000,748.0,2025-10-16T18:49:49.803059
ALL,pytorch_anomaly_detection,anomaly_detected,score_12983033.000,749.0,2025-10-16T18:49:49.803063
ALL,pytorch_anomaly_detection,anomaly_detected,score_36319428.000,750.0,2025-10-16T18:49:49.803067
ALL,pytorch_anomaly_detection,anomaly_detected,score_51014376.000,751.0,2025-10-16T18:49:49.803071
ALL,pytorch_anomaly_detection,anomaly_detected,score_76839616.000,752.0,2025-10-16T18:49:49.803075
ALL,pytorch_anomaly_detection,anomaly_detected,score_69376552.000,753.0,2025-10-16T18:49:49.803079
ALL,pytorch_anomaly_detection,anomaly_detected,score_27925014.000,754.0,2025-10-16T18:49:49.803083
ALL,pytorch_anomaly_detection,anomaly_detected,score_25290438.000,755.0,2025-10-16T18:49:49.803087
ALL,pytorch_anomaly_detection,anomaly_detected,score_31752580.000,756.0,2025-10-16T18:49:49.803091
ALL,pytorch_anomaly_detection,anomaly_detected,score_43539832.000,757.0,2025-10-16T18:49:49.803096
ALL,pytorch_anomaly_detection,anomaly_detected,score_80526272.000,758.0,2025-10-16T18:49:49.803100
ALL,pytorch_anomaly_detection,anomaly_detected,score_79716856.000,759.0,2025-10-16T18:49:49.803104
ALL,pytorch_anomaly_detection,anomaly_detected,score_42961920.000,760.0,2025-10-16T18:49:49.803108
ALL,pytorch_anomaly_detection,anomaly_detected,score_24203414.000,761.0,2025-10-16T18:49:49.803112
ALL,pytorch_anomaly_detection,anomaly_detected,score_33785476.000,762.0,2025-10-16T18:49:49.803116
ALL,pytorch_anomaly_detection,anomaly_detected,score_51459120.000,763.0,2025-10-16T18:49:49.803120
ALL,pytorch_anomaly_detection,anomaly_detected,score_49806128.000,764.0,2025-10-16T18:49:49.803124
ALL,pytorch_anomaly_detection,anomaly_detected,score_25325836.000,765.0,2025-10-16T18:49:49.803128
ALL,pytorch_anomaly_detection,anomaly_detected,score_75393200.000,766.0,2025-10-16T18:49:49.803135
ALL,pytorch_anomaly_detection,anomaly_detected,score_35197284.000,767.0,2025-10-16T18:49:49.803139
ALL,pytorch_anomaly_detection,anomaly_detected,score_21973350.000,768.0,2025-10-16T18:49:49.803143
ALL,pytorch_anomaly_detection,anomaly_detected,score_31817500.000,769.0,2025-10-16T18:49:49.803147
ALL,pytorch_anomaly_detection,anomaly_detected,score_69967280.000,770.0,2025-10-16T18:49:49.803152
ALL,pytorch_anomaly_detection,anomaly_detected,score_24396498.000,771.0,2025-10-16T18:49:49.803156
ALL,pytorch_anomaly_detection,anomaly_detected,score_41953800.000,772.0,2025-10-16T18:49:49.803160
ALL,pytorch_anomaly_detection,anomaly_detected,score_27131762.000,773.0,2025-10-16T18:49:49.803165
ALL,pytorch_anomaly_detection,anomaly_detected,score_30780792.000,774.0,2025-10-16T18:49:49.803169
ALL,pytorch_anomaly_detection,anomaly_detected,score_27641538.000,775.0,2025-10-16T18:49:49.803173
ALL,pytorch_anomaly_detection,anomaly_detected,score_27227550.000,776.0,2025-10-16T18:49:49.803177
ALL,pytorch_anomaly_detection,anomaly_detected,score_33695176.000,777.0,2025-10-16T18:49:49.803181
ALL,pytorch_anomaly_detection,anomaly_detected,score_32527614.000,778.0,2025-10-16T18:49:49.803185
ALL,pytorch_anomaly_detection,anomaly_detected,score_29419012.000,779.0,2025-10-16T18:49:49.803189
ALL,pytorch_anomaly_detection,anomaly_detected,score_8700054.000,780.0,2025-10-16T18:49:49.803193
ALL,pytorch_anomaly_detection,anomaly_detected,score_20008440.000,781.0,2025-10-16T18:49:49.803198
ALL,pytorch_anomaly_detection,anomaly_detected,score_34428332.000,782.0,2025-10-16T18:49:49.803202
ALL,pytorch_anomaly_detection,anomaly_detected,score_39813680.000,783.0,2025-10-16T18:49:49.803206
ALL,pytorch_anomaly_detection,anomaly_detected,score_54033104.000,784.0,2025-10-16T18:49:49.803210
ALL,pytorch_anomaly_detection,anomaly_detected,score_41063984.000,785.0,2025-10-16T18:49:49.803214
ALL,pytorch_anomaly_detection,anomaly_detected,score_65843096.000,786.0,2025-10-16T18:49:49.803218
ALL,pytorch_anomaly_detection,anomaly_detected,score_39086048.000,787.0,2025-10-16T18:49:49.803222
ALL,pytorch_anomaly_detection,anomaly_detected,score_16951894.000,788.0,2025-10-16T18:49:49.803226
ALL,pytorch_anomaly_detection,anomaly_detected,score_62850724.000,789.0,2025-10-16T18:49:49.803230
ALL,pytorch_anomaly_detection,anomaly_detected,score_69522656.000,790.0,2025-10-16T18:49:49.803234
ALL,pytorch_anomaly_detection,anomaly_detected,score_6744949.000,791.0,2025-10-16T18:49:49.803238
ALL,pytorch_anomaly_detection,anomaly_detected,score_7349826.000,792.0,2025-10-16T18:49:49.803242
ALL,pytorch_anomaly_detection,anomaly_detected,score_54005088.000,793.0,2025-10-16T18:49:49.803246
ALL,pytorch_anomaly_detection,anomaly_detected,score_36322288.000,794.0,2025-10-16T18:49:49.803253
ALL,pytorch_anomaly_detection,anomaly_detected,score_48550688.000,795.0,2025-10-16T18:49:49.803257
ALL,pytorch_anomaly_detection,anomaly_detected,score_17411104.000,796.0,2025-10-16T18:49:49.803261
ALL,pytorch_anomaly_detection,anomaly_detected,score_4233336.500,797.0,2025-10-16T18:49:49.803265
ALL,pytorch_anomaly_detection,anomaly_detected,score_20876262.000,798.0,2025-10-16T18:49:49.803269
ALL,pytorch_anomaly_detection,anomaly_detected,score_35677260.000,799.0,2025-10-16T18:49:49.803273
ALL,pytorch_anomaly_detection,anomaly_detected,score_24912132.000,800.0,2025-10-16T18:49:49.803277
ALL,pytorch_anomaly_detection,anomaly_detected,score_36216396.000,801.0,2025-10-16T18:49:49.803281
ALL,pytorch_anomaly_detection,anomaly_detected,score_81708792.000,802.0,2025-10-16T18:49:49.803285
ALL,pytorch_anomaly_detection,anomaly_detected,score_83024376.000,803.0,2025-10-16T18:49:49.803289
ALL,pytorch_anomaly_detection,anomaly_detected,score_79869280.000,804.0,2025-10-16T18:49:49.803294
ALL,pytorch_anomaly_detection,anomaly_detected,score_34822624.000,805.0,2025-10-16T18:49:49.803298
ALL,pytorch_anomaly_detection,anomaly_detected,score_24966770.000,806.0,2025-10-16T18:49:49.803302
ALL,pytorch_anomaly_detection,anomaly_detected,score_15001195.000,807.0,2025-10-16T18:49:49.803306
ALL,pytorch_anomaly_detection,anomaly_detected,score_13200880.000,808.0,2025-10-16T18:49:49.803310
ALL,pytorch_anomaly_detection,anomaly_detected,score_18504162.000,809.0,2025-10-16T18:49:49.803314
ALL,pytorch_anomaly_detection,anomaly_detected,score_50503824.000,810.0,2025-10-16T18:49:49.803318
ALL,pytorch_anomaly_detection,anomaly_detected,score_55536944.000,811.0,2025-10-16T18:49:49.803322
ALL,pytorch_anomaly_detection,anomaly_detected,score_47456428.000,812.0,2025-10-16T18:49:49.803326
ALL,pytorch_anomaly_detection,anomaly_detected,score_34201664.000,813.0,2025-10-16T18:49:49.803332
ALL,pytorch_anomaly_detection,anomaly_detected,score_59467140.000,814.0,2025-10-16T18:49:49.803336
ALL,pytorch_anomaly_detection,anomaly_detected,score_13747836.000,815.0,2025-10-16T18:49:49.803340
ALL,pytorch_anomaly_detection,anomaly_detected,score_70699328.000,816.0,2025-10-16T18:49:49.803345
ALL,pytorch_anomaly_detection,anomaly_detected,score_35022620.000,817.0,2025-10-16T18:49:49.803349
ALL,pytorch_anomaly_detection,anomaly_detected,score_69763392.000,818.0,2025-10-16T18:49:49.803353
ALL,pytorch_anomaly_detection,anomaly_detected,score_76073112.000,819.0,2025-10-16T18:49:49.803357
ALL,pytorch_anomaly_detection,anomaly_detected,score_26587124.000,820.0,2025-10-16T18:49:49.803363
ALL,pytorch_anomaly_detection,anomaly_detected,score_38411100.000,821.0,2025-10-16T18:49:49.803368
ALL,pytorch_anomaly_detection,anomaly_detected,score_34636168.000,822.0,2025-10-16T18:49:49.803372
ALL,pytorch_anomaly_detection,anomaly_detected,score_41723656.000,823.0,2025-10-16T18:49:49.803376
ALL,pytorch_anomaly_detection,anomaly_detected,score_78010312.000,824.0,2025-10-16T18:49:49.803380
ALL,pytorch_anomaly_detection,anomaly_detected,score_65851264.000,825.0,2025-10-16T18:49:49.803384
ALL,pytorch_anomaly_detection,anomaly_detected,score_65919192.000,826.0,2025-10-16T18:49:49.803388
ALL,pytorch_anomaly_detection,anomaly_detected,score_29875770.000,827.0,2025-10-16T18:49:49.803392
ALL,pytorch_anomaly_detection,anomaly_detected,score_42253028.000,828.0,2025-10-16T18:49:49.803396
ALL,pytorch_anomaly_detection,anomaly_detected,score_31830194.000,829.0,2025-10-16T18:49:49.803400
ALL,pytorch_anomaly_detection,anomaly_detected,score_5804049.500,830.0,2025-10-16T18:49:49.803404
ALL,pytorch_anomaly_detection,anomaly_detected,score_16220682.000,831.0,2025-10-16T18:49:49.803408
ALL,pytorch_anomaly_detection,anomaly_detected,score_49720408.000,832.0,2025-10-16T18:49:49.803413
ALL,pytorch_anomaly_detection,anomaly_detected,score_86468888.000,833.0,2025-10-16T18:49:49.803417
ALL,pytorch_anomaly_detection,anomaly_detected,score_48375624.000,834.0,2025-10-16T18:49:49.803421
ALL,pytorch_anomaly_detection,anomaly_detected,score_54917752.000,835.0,2025-10-16T18:49:49.803425
ALL,pytorch_anomaly_detection,anomaly_detected,score_81337256.000,836.0,2025-10-16T18:49:49.803429
ALL,pytorch_anomaly_detection,anomaly_detected,score_68157584.000,837.0,2025-10-16T18:49:49.803435
ALL,pytorch_anomaly_detection,anomaly_detected,score_32962216.000,838.0,2025-10-16T18:49:49.803440
ALL,pytorch_anomaly_detection,anomaly_detected,score_39863472.000,839.0,2025-10-16T18:49:49.803444
ALL,pytorch_anomaly_detection,anomaly_detected,score_99392624.000,840.0,2025-10-16T18:49:49.803449
ALL,pytorch_anomaly_detection,anomaly_detected,score_31751762.000,841.0,2025-10-16T18:49:49.803454
ALL,pytorch_anomaly_detection,anomaly_detected,score_44166580.000,842.0,2025-10-16T18:49:49.803458
ALL,pytorch_anomaly_detection,anomaly_detected,score_29112938.000,843.0,2025-10-16T18:49:49.803462
ALL,pytorch_anomaly_detection,anomaly_detected,score_23552996.000,844.0,2025-10-16T18:49:49.803466
ALL,pytorch_anomaly_detection,anomaly_detected,score_90729912.000,845.0,2025-10-16T18:49:49.803470
ALL,pytorch_anomaly_detection,anomaly_detected,score_33487196.000,846.0,2025-10-16T18:49:49.803474
ALL,pytorch_anomaly_detection,anomaly_detected,score_47353200.000,847.0,2025-10-16T18:49:49.803479
ALL,pytorch_anomaly_detection,anomaly_detected,score_56585044.000,848.0,2025-10-16T18:49:49.803483
ALL,pytorch_anomaly_detection,anomaly_detected,score_82656384.000,849.0,2025-10-16T18:49:49.803488
ALL,pytorch_anomaly_detection,anomaly_detected,score_19114634.000,850.0,2025-10-16T18:49:49.803491
ALL,pytorch_anomaly_detection,anomaly_detected,score_70252088.000,851.0,2025-10-16T18:49:49.803495
ALL,pytorch_anomaly_detection,anomaly_detected,score_76249560.000,852.0,2025-10-16T18:49:49.803500
ALL,pytorch_anomaly_detection,anomaly_detected,score_35875412.000,853.0,2025-10-16T18:49:49.803503
ALL,pytorch_anomaly_detection,anomaly_detected,score_12466485.000,854.0,2025-10-16T18:49:49.803508
ALL,pytorch_anomaly_detection,anomaly_detected,score_84766568.000,855.0,2025-10-16T18:49:49.803512
ALL,pytorch_anomaly_detection,anomaly_detected,score_34553036.000,856.0,2025-10-16T18:49:49.803516
ALL,pytorch_anomaly_detection,anomaly_detected,score_70992976.000,857.0,2025-10-16T18:49:49.803520
ALL,pytorch_anomaly_detection,anomaly_detected,score_43166872.000,858.0,2025-10-16T18:49:49.803524
ALL,pytorch_anomaly_detection,anomaly_detected,score_53293404.000,859.0,2025-10-16T18:49:49.803530
ALL,pytorch_anomaly_detection,anomaly_detected,score_14504524.000,860.0,2025-10-16T18:49:49.803534
ALL,pytorch_anomaly_detection,anomaly_detected,score_71873040.000,861.0,2025-10-16T18:49:49.803538
ALL,pytorch_anomaly_detection,anomaly_detected,score_75268968.000,862.0,2025-10-16T18:49:49.803542
ALL,pytorch_anomaly_detection,anomaly_detected,score_64396080.000,863.0,2025-10-16T18:49:49.803546
ALL,pytorch_anomaly_detection,anomaly_detected,score_47750636.000,864.0,2025-10-16T18:49:49.803550
ALL,pytorch_anomaly_detection,anomaly_detected,score_51754304.000,865.0,2025-10-16T18:49:49.803554
ALL,pytorch_anomaly_detection,anomaly_detected,score_6417037.000,866.0,2025-10-16T18:49:49.803559
ALL,pytorch_anomaly_detection,anomaly_detected,score_38458068.000,867.0,2025-10-16T18:49:49.803563
ALL,pytorch_anomaly_detection,anomaly_detected,score_24333972.000,868.0,2025-10-16T18:49:49.803567
ALL,pytorch_anomaly_detection,anomaly_detected,score_54318752.000,869.0,2025-10-16T18:49:49.803571
ALL,pytorch_anomaly_detection,anomaly_detected,score_5159612.000,870.0,2025-10-16T18:49:49.803575
ALL,pytorch_anomaly_detection,anomaly_detected,score_50490732.000,871.0,2025-10-16T18:49:49.803579
ALL,pytorch_anomaly_detection,anomaly_detected,score_22585396.000,872.0,2025-10-16T18:49:49.803583
ALL,pytorch_anomaly_detection,anomaly_detected,score_21514950.000,873.0,2025-10-16T18:49:49.803588
ALL,pytorch_anomaly_detection,anomaly_detected,score_24560962.000,874.0,2025-10-16T18:49:49.803592
ALL,pytorch_anomaly_detection,anomaly_detected,score_39512284.000,875.0,2025-10-16T18:49:49.803595
ALL,pytorch_anomaly_detection,anomaly_detected,score_13577216.000,876.0,2025-10-16T18:49:49.803600
ALL,pytorch_anomaly_detection,anomaly_detected,score_20363278.000,877.0,2025-10-16T18:49:49.803604
ALL,pytorch_anomaly_detection,anomaly_detected,score_45939520.000,878.0,2025-10-16T18:49:49.803608
ALL,pytorch_anomaly_detection,anomaly_detected,score_28097128.000,879.0,2025-10-16T18:49:49.803612
ALL,pytorch_anomaly_detection,anomaly_detected,score_64862264.000,880.0,2025-10-16T18:49:49.803616
ALL,pytorch_anomaly_detection,anomaly_detected,score_4429384.500,881.0,2025-10-16T18:49:49.803620
ALL,pytorch_anomaly_detection,anomaly_detected,score_76956808.000,882.0,2025-10-16T18:49:49.803624
ALL,pytorch_anomaly_detection,anomaly_detected,score_25849486.000,883.0,2025-10-16T18:49:49.803628
ALL,pytorch_anomaly_detection,anomaly_detected,score_81583992.000,884.0,2025-10-16T18:49:49.803632
ALL,pytorch_anomaly_detection,anomaly_detected,score_55650748.000,885.0,2025-10-16T18:49:49.803638
ALL,pytorch_anomaly_detection,anomaly_detected,score_44871688.000,886.0,2025-10-16T18:49:49.803642
ALL,pytorch_anomaly_detection,anomaly_detected,score_47963260.000,887.0,2025-10-16T18:49:49.803646
ALL,pytorch_anomaly_detection,anomaly_detected,score_46681332.000,888.0,2025-10-16T18:49:49.803650
ALL,pytorch_anomaly_detection,anomaly_detected,score_22567594.000,889.0,2025-10-16T18:49:49.803655
ALL,pytorch_anomaly_detection,anomaly_detected,score_58372688.000,890.0,2025-10-16T18:49:49.803659
ALL,pytorch_anomaly_detection,anomaly_detected,score_56118084.000,891.0,2025-10-16T18:49:49.803663
ALL,pytorch_anomaly_detection,anomaly_detected,score_85385704.000,892.0,2025-10-16T18:49:49.803667
ALL,pytorch_anomaly_detection,anomaly_detected,score_11092810.000,893.0,2025-10-16T18:49:49.803671
ALL,pytorch_anomaly_detection,anomaly_detected,score_75422040.000,894.0,2025-10-16T18:49:49.803675
ALL,pytorch_anomaly_detection,anomaly_detected,score_40120152.000,895.0,2025-10-16T18:49:49.803679
ALL,pytorch_anomaly_detection,anomaly_detected,score_57383476.000,896.0,2025-10-16T18:49:49.803683
ALL,pytorch_anomaly_detection,anomaly_detected,score_52418556.000,897.0,2025-10-16T18:49:49.803687
ALL,pytorch_anomaly_detection,anomaly_detected,score_35054612.000,898.0,2025-10-16T18:49:49.803692
ALL,pytorch_anomaly_detection,anomaly_detected,score_72630944.000,899.0,2025-10-16T18:49:49.803696
ALL,pytorch_anomaly_detection,anomaly_detected,score_50528292.000,900.0,2025-10-16T18:49:49.803700
ALL,pytorch_anomaly_detection,anomaly_detected,score_63391476.000,901.0,2025-10-16T18:49:49.803704
ALL,pytorch_anomaly_detection,anomaly_detected,score_62912384.000,902.0,2025-10-16T18:49:49.803710
ALL,pytorch_anomaly_detection,anomaly_detected,score_72427464.000,903.0,2025-10-16T18:49:49.803714
ALL,pytorch_anomaly_detection,anomaly_detected,score_64607516.000,904.0,2025-10-16T18:49:49.803718
ALL,pytorch_anomaly_detection,anomaly_detected,score_29848252.000,905.0,2025-10-16T18:49:49.803722
ALL,pytorch_anomaly_detection,anomaly_detected,score_62160136.000,906.0,2025-10-16T18:49:49.803726
ALL,pytorch_anomaly_detection,anomaly_detected,score_35647208.000,907.0,2025-10-16T18:49:49.803730
ALL,pytorch_anomaly_detection,anomaly_detected,score_34793164.000,908.0,2025-10-16T18:49:49.803734
ALL,pytorch_anomaly_detection,anomaly_detected,score_55517036.000,909.0,2025-10-16T18:49:49.803738
ALL,pytorch_anomaly_detection,anomaly_detected,score_10175418.000,910.0,2025-10-16T18:49:49.803743
ALL,pytorch_anomaly_detection,anomaly_detected,score_35054896.000,911.0,2025-10-16T18:49:49.803747
ALL,pytorch_anomaly_detection,anomaly_detected,score_59044460.000,912.0,2025-10-16T18:49:49.803751
ALL,pytorch_anomaly_detection,anomaly_detected,score_64482276.000,913.0,2025-10-16T18:49:49.803755
ALL,pytorch_anomaly_detection,anomaly_detected,score_47422740.000,914.0,2025-10-16T18:49:49.803760
ALL,pytorch_anomaly_detection,anomaly_detected,score_74378280.000,915.0,2025-10-16T18:49:49.803764
ALL,pytorch_anomaly_detection,anomaly_detected,score_54527604.000,916.0,2025-10-16T18:49:49.803770
ALL,pytorch_anomaly_detection,anomaly_detected,score_23783966.000,917.0,2025-10-16T18:49:49.803774
ALL,pytorch_anomaly_detection,anomaly_detected,score_40099040.000,918.0,2025-10-16T18:49:49.803778
ALL,pytorch_anomaly_detection,anomaly_detected,score_45837000.000,919.0,2025-10-16T18:49:49.803782
ALL,pytorch_anomaly_detection,anomaly_detected,score_39508576.000,920.0,2025-10-16T18:49:49.803786
ALL,pytorch_anomaly_detection,anomaly_detected,score_17363480.000,921.0,2025-10-16T18:49:49.803790
ALL,pytorch_anomaly_detection,anomaly_detected,score_28441622.000,922.0,2025-10-16T18:49:49.803795
ALL,pytorch_anomaly_detection,anomaly_detected,score_39071008.000,923.0,2025-10-16T18:49:49.803799
ALL,pytorch_anomaly_detection,anomaly_detected,score_36492472.000,924.0,2025-10-16T18:49:49.803803
ALL,pytorch_anomaly_detection,anomaly_detected,score_9396830.000,925.0,2025-10-16T18:49:49.803807
ALL,pytorch_anomaly_detection,anomaly_detected,score_40690876.000,926.0,2025-10-16T18:49:49.803811
ALL,pytorch_anomaly_detection,anomaly_detected,score_36266768.000,927.0,2025-10-16T18:49:49.803815
ALL,pytorch_anomaly_detection,anomaly_detected,score_26808458.000,928.0,2025-10-16T18:49:49.803819
ALL,pytorch_anomaly_detection,anomaly_detected,score_76517088.000,929.0,2025-10-16T18:49:49.803823
ALL,pytorch_anomaly_detection,anomaly_detected,score_95429016.000,930.0,2025-10-16T18:49:49.803827
ALL,pytorch_anomaly_detection,anomaly_detected,score_63071700.000,931.0,2025-10-16T18:49:49.803836
ALL,pytorch_anomaly_detection,anomaly_detected,score_24716364.000,932.0,2025-10-16T18:49:49.803841
ALL,pytorch_anomaly_detection,anomaly_detected,score_46080816.000,933.0,2025-10-16T18:49:49.803845
ALL,pytorch_anomaly_detection,anomaly_detected,score_62021736.000,934.0,2025-10-16T18:49:49.803849
ALL,pytorch_anomaly_detection,anomaly_detected,score_49714288.000,935.0,2025-10-16T18:49:49.803853
ALL,pytorch_anomaly_detection,anomaly_detected,score_20415558.000,936.0,2025-10-16T18:49:49.803857
ALL,pytorch_anomaly_detection,anomaly_detected,score_32624848.000,937.0,2025-10-16T18:49:49.803861
ALL,pytorch_anomaly_detection,anomaly_detected,score_66333596.000,938.0,2025-10-16T18:49:49.803865
ALL,pytorch_anomaly_detection,anomaly_detected,score_87019496.000,939.0,2025-10-16T18:49:49.803869
ALL,pytorch_anomaly_detection,anomaly_detected,score_44350172.000,940.0,2025-10-16T18:49:49.803873
ALL,pytorch_anomaly_detection,anomaly_detected,score_44901896.000,941.0,2025-10-16T18:49:49.803883
ALL,pytorch_anomaly_detection,anomaly_detected,score_34180608.000,942.0,2025-10-16T18:49:49.803887
ALL,pytorch_anomaly_detection,anomaly_detected,score_12308460.000,943.0,2025-10-16T18:49:49.803892
ALL,pytorch_anomaly_detection,anomaly_detected,score_45578948.000,944.0,2025-10-16T18:49:49.803896
ALL,pytorch_anomaly_detection,anomaly_detected,score_47732940.000,945.0,2025-10-16T18:49:49.803900
ALL,pytorch_anomaly_detection,anomaly_detected,score_17718402.000,946.0,2025-10-16T18:49:49.803904
ALL,pytorch_anomaly_detection,anomaly_detected,score_9043152.000,947.0,2025-10-16T18:49:49.803908
ALL,pytorch_anomaly_detection,anomaly_detected,score_24139774.000,948.0,2025-10-16T18:49:49.803912
ALL,pytorch_anomaly_detection,anomaly_detected,score_69042808.000,949.0,2025-10-16T18:49:49.803916
ALL,pytorch_anomaly_detection,anomaly_detected,score_34304396.000,950.0,2025-10-16T18:49:49.803921
ALL,pytorch_anomaly_detection,anomaly_detected,score_13725116.000,951.0,2025-10-16T18:49:49.803924
ALL,pytorch_anomaly_detection,anomaly_detected,score_24559276.000,952.0,2025-10-16T18:49:49.803929
ALL,pytorch_anomaly_detection,anomaly_detected,score_73796264.000,953.0,2025-10-16T18:49:49.803933
ALL,pytorch_anomaly_detection,anomaly_detected,score_25728170.000,954.0,2025-10-16T18:49:49.803937
ALL,pytorch_anomaly_detection,anomaly_detected,score_57284112.000,955.0,2025-10-16T18:49:49.803944
ALL,pytorch_anomaly_detection,anomaly_detected,score_34113228.000,956.0,2025-10-16T18:49:49.803948
ALL,pytorch_anomaly_detection,anomaly_detected,score_71313672.000,957.0,2025-10-16T18:49:49.803952
ALL,pytorch_anomaly_detection,anomaly_detected,score_6089231.000,958.0,2025-10-16T18:49:49.803956
ALL,pytorch_anomaly_detection,anomaly_detected,score_73357048.000,959.0,2025-10-16T18:49:49.803960
ALL,pytorch_anomaly_detection,anomaly_detected,score_48752304.000,960.0,2025-10-16T18:49:49.803964
ALL,pytorch_anomaly_detection,anomaly_detected,score_45355628.000,961.0,2025-10-16T18:49:49.803968
ALL,pytorch_anomaly_detection,anomaly_detected,score_52255016.000,962.0,2025-10-16T18:49:49.803972
ALL,pytorch_anomaly_detection,anomaly_detected,score_29583908.000,963.0,2025-10-16T18:49:49.803976
ALL,pytorch_anomaly_detection,anomaly_detected,score_31669890.000,964.0,2025-10-16T18:49:49.803980
ALL,pytorch_anomaly_detection,anomaly_detected,score_66085560.000,965.0,2025-10-16T18:49:49.803985
ALL,pytorch_anomaly_detection,anomaly_detected,score_63640504.000,966.0,2025-10-16T18:49:49.803989
ALL,pytorch_anomaly_detection,anomaly_detected,score_15104826.000,967.0,2025-10-16T18:49:49.803993
ALL,pytorch_anomaly_detection,anomaly_detected,score_54419124.000,968.0,2025-10-16T18:49:49.803998
ALL,pytorch_anomaly_detection,anomaly_detected,score_29013978.000,969.0,2025-10-16T18:49:49.804002
ALL,pytorch_anomaly_detection,anomaly_detected,score_64481032.000,970.0,2025-10-16T18:49:49.804006
ALL,pytorch_anomaly_detection,anomaly_detected,score_38052820.000,971.0,2025-10-16T18:49:49.804011
ALL,pytorch_anomaly_detection,anomaly_detected,score_7966751.000,972.0,2025-10-16T18:49:49.804015
ALL,pytorch_anomaly_detection,anomaly_detected,score_40028192.000,973.0,2025-10-16T18:49:49.804019
ALL,pytorch_anomaly_detection,anomaly_detected,score_34821884.000,974.0,2025-10-16T18:49:49.804023
ALL,pytorch_anomaly_detection,anomaly_detected,score_51705928.000,975.0,2025-10-16T18:49:49.804027
ALL,pytorch_anomaly_detection,anomaly_detected,score_47669408.000,976.0,2025-10-16T18:49:49.804033
ALL,pytorch_anomaly_detection,anomaly_detected,score_25807780.000,977.0,2025-10-16T18:49:49.804037
ALL,pytorch_anomaly_detection,anomaly_detected,score_69557792.000,978.0,2025-10-16T18:49:49.804041
ALL,pytorch_anomaly_detection,anomaly_detected,score_29018278.000,979.0,2025-10-16T18:49:49.804045
ALL,pytorch_anomaly_detection,anomaly_detected,score_53896364.000,980.0,2025-10-16T18:49:49.804049
ALL,pytorch_anomaly_detection,anomaly_detected,score_55627056.000,981.0,2025-10-16T18:49:49.804054
ALL,pytorch_anomaly_detection,anomaly_detected,score_48129988.000,982.0,2025-10-16T18:49:49.804059
ALL,pytorch_anomaly_detection,anomaly_detected,score_62519124.000,983.0,2025-10-16T18:49:49.804063
ALL,pytorch_anomaly_detection,anomaly_detected,score_37206268.000,984.0,2025-10-16T18:49:49.804067
ALL,pytorch_anomaly_detection,anomaly_detected,score_10387530.000,985.0,2025-10-16T18:49:49.804071
ALL,pytorch_anomaly_detection,anomaly_detected,score_95385248.000,986.0,2025-10-16T18:49:49.804075
ALL,pytorch_anomaly_detection,anomaly_detected,score_27580302.000,987.0,2025-10-16T18:49:49.804079
ALL,pytorch_anomaly_detection,anomaly_detected,score_57499612.000,988.0,2025-10-16T18:49:49.804083
ALL,pytorch_anomaly_detection,anomaly_detected,score_53915252.000,989.0,2025-10-16T18:49:49.804088
ALL,pytorch_anomaly_detection,anomaly_detected,score_59531124.000,990.0,2025-10-16T18:49:49.804091
ALL,pytorch_anomaly_detection,anomaly_detected,score_40630660.000,991.0,2025-10-16T18:49:49.804096
ALL,pytorch_anomaly_detection,anomaly_detected,score_50767184.000,992.0,2025-10-16T18:49:49.804100
ALL,pytorch_anomaly_detection,anomaly_detected,score_67987488.000,993.0,2025-10-16T18:49:49.804104
