column,operation,original_value,new_value,row_index,timestamp,cleaner_type
merchant_category,fallback_imputation,,Unknown,2,2025-10-16 15:11:03.257004,pytorch_encoder
merchant_category,fallback_imputation,,Unknown,6,2025-10-16 15:11:03.257028,pytorch_encoder
merchant_category,fallback_imputation,,Unknown,8,2025-10-16 15:11:03.257030,pytorch_encoder
merchant_category,fallback_imputation,,Unknown,11,2025-10-16 15:11:03.257031,pytorch_encoder
merchant_category,fallback_imputation,,Unknown,12,2025-10-16 15:11:03.257032,pytorch_encoder
merchant_category,fallback_imputation,,Unknown,13,2025-10-16 15:11:03.257034,pytorch_encoder
merchant_category,fallback_imputation,,Unknown,14,2025-10-16 15:11:03.257035,pytorch_encoder
merchant_category,fallback_imputation,,Unknown,16,2025-10-16 15:11:03.257036,pytorch_encoder
merchant_category,fallback_imputation,,Unknown,18,2025-10-16 15:11:03.257037,pytorch_encoder
merchant_category,fallback_imputation,,Unknown,24,2025-10-16 15:11:03.257038,pytorch_encoder
merchant_category,fallback_imputation,,Unknown,28,2025-10-16 15:11:03.257039,pytorch_encoder
merchant_category,fallback_imputation,,Unknown,30,2025-10-16 15:11:03.257040,pytorch_encoder
merchant_category,fallback_imputation,,Unknown,32,2025-10-16 15:11:03.257042,pytorch_encoder
merchant_category,fallback_imputation,,Unknown,33,2025-10-16 15:11:03.257053,pytorch_encoder
merchant_category,fallback_imputation,,Unknown,36,2025-10-16 15:11:03.257054,pytorch_encoder
merchant_category,fallback_imputation,,Unknown,38,2025-10-16 15:11:03.257056,pytorch_encoder
merchant_category,fallback_imputation,,Unknown,41,2025-10-16 15:11:03.257057,pytorch_encoder
merchant_category,fallback_imputation,,Unknown,43,2025-10-16 15:11:03.257058,pytorch_encoder
merchant_category,fallback_imputation,,Unknown,48,2025-10-16 15:11:03.257059,pytorch_encoder
merchant_category,fallback_imputation,,Unknown,57,2025-10-16 15:11:03.257060,pytorch_encoder
merchant_category,fallback_imputation,,Unknown,68,2025-10-16 15:11:03.257061,pytorch_encoder
merchant_category,fallback_imputation,,Unknown,73,2025-10-16 15:11:03.257062,pytorch_encoder
merchant_category,fallback_imputation,,Unknown,81,2025-10-16 15:11:03.257063,pytorch_encoder
merchant_category,fallback_imputation,,Unknown,84,2025-10-16 15:11:03.257064,pytorch_encoder
merchant_category,fallback_imputation,,Unknown,90,2025-10-16 15:11:03.257066,pytorch_encoder
merchant_category,fallback_imputation,,Unknown,91,2025-10-16 15:11:03.257067,pytorch_encoder
merchant_category,fallback_imputation,,Unknown,92,2025-10-16 15:11:03.257068,pytorch_encoder
merchant_category,fallback_imputation,,Unknown,95,2025-10-16 15:11:03.257069,pytorch_encoder
merchant_category,fallback_imputation,,Unknown,97,2025-10-16 15:11:03.257070,pytorch_encoder
merchant_category,fallback_imputation,,Unknown,99,2025-10-16 15:11:03.257071,pytorch_encoder
merchant_category,fallback_imputation,,Unknown,100,2025-10-16 15:11:03.257072,pytorch_encoder
merchant_category,fallback_imputation,,Unknown,101,2025-10-16 15:11:03.257073,pytorch_encoder
merchant_category,fallback_imputation,,Unknown,103,2025-10-16 15:11:03.257074,pytorch_encoder
merchant_category,fallback_imputation,,Unknown,105,2025-10-16 15:11:03.257076,pytorch_encoder
merchant_category,fallback_imputation,,Unknown,116,2025-10-16 15:11:03.257077,pytorch_encoder
merchant_category,fallback_imputation,,Unknown,120,2025-10-16 15:11:03.257078,pytorch_encoder
merchant_category,fallback_imputation,,Unknown,122,2025-10-16 15:11:03.257079,pytorch_encoder
merchant_category,fallback_imputation,,Unknown,126,2025-10-16 15:11:03.257080,pytorch_encoder
merchant_category,fallback_imputation,,Unknown,132,2025-10-16 15:11:03.257081,pytorch_encoder
merchant_category,fallback_imputation,,Unknown,133,2025-10-16 15:11:03.257082,pytorch_encoder
merchant_category,fallback_imputation,,Unknown,138,2025-10-16 15:11:03.257083,pytorch_encoder
merchant_category,fallback_imputation,,Unknown,145,2025-10-16 15:11:03.257085,pytorch_encoder
merchant_category,fallback_imputation,,Unknown,150,2025-10-16 15:11:03.257087,pytorch_encoder
merchant_category,fallback_imputation,,Unknown,158,2025-10-16 15:11:03.257088,pytorch_encoder
merchant_category,fallback_imputation,,Unknown,159,2025-10-16 15:11:03.257089,pytorch_encoder
merchant_category,fallback_imputation,,Unknown,161,2025-10-16 15:11:03.257090,pytorch_encoder
merchant_category,fallback_imputation,,Unknown,164,2025-10-16 15:11:03.257091,pytorch_encoder
merchant_category,fallback_imputation,,Unknown,166,2025-10-16 15:11:03.257092,pytorch_encoder
merchant_category,fallback_imputation,,Unknown,171,2025-10-16 15:11:03.257093,pytorch_encoder
merchant_category,fallback_imputation,,Unknown,175,2025-10-16 15:11:03.257094,pytorch_encoder
merchant_category,fallback_imputation,,Unknown,191,2025-10-16 15:11:03.257095,pytorch_encoder
merchant_category,fallback_imputation,,Unknown,193,2025-10-16 15:11:03.257096,pytorch_encoder
merchant_category,fallback_imputation,,Unknown,194,2025-10-16 15:11:03.257097,pytorch_encoder
merchant_category,fallback_imputation,,Unknown,199,2025-10-16 15:11:03.257098,pytorch_encoder
merchant_category,fallback_imputation,,Unknown,200,2025-10-16 15:11:03.257099,pytorch_encoder
merchant_category,fallback_imputation,,Unknown,203,2025-10-16 15:11:03.257100,pytorch_encoder
merchant_category,fallback_imputation,,Unknown,208,2025-10-16 15:11:03.257101,pytorch_encoder
merchant_category,fallback_imputation,,Unknown,212,2025-10-16 15:11:03.257102,pytorch_encoder
merchant_category,fallback_imputation,,Unknown,217,2025-10-16 15:11:03.257103,pytorch_encoder
merchant_category,fallback_imputation,,Unknown,237,2025-10-16 15:11:03.257105,pytorch_encoder
merchant_category,fallback_imputation,,Unknown,238,2025-10-16 15:11:03.257106,pytorch_encoder
merchant_category,fallback_imputation,,Unknown,240,2025-10-16 15:11:03.257107,pytorch_encoder
merchant_category,fallback_imputation,,Unknown,241,2025-10-16 15:11:03.257108,pytorch_encoder
merchant_category,fallback_imputation,,Unknown,245,2025-10-16 15:11:03.257109,pytorch_encoder
merchant_category,fallback_imputation,,Unknown,247,2025-10-16 15:11:03.257110,pytorch_encoder
merchant_category,fallback_imputation,,Unknown,256,2025-10-16 15:11:03.257111,pytorch_encoder
merchant_category,fallback_imputation,,Unknown,260,2025-10-16 15:11:03.257112,pytorch_encoder
merchant_category,fallback_imputation,,Unknown,263,2025-10-16 15:11:03.257113,pytorch_encoder
merchant_category,fallback_imputation,,Unknown,264,2025-10-16 15:11:03.257115,pytorch_encoder
merchant_category,fallback_imputation,,Unknown,267,2025-10-16 15:11:03.257116,pytorch_encoder
merchant_category,fallback_imputation,,Unknown,270,2025-10-16 15:11:03.257117,pytorch_encoder
merchant_category,fallback_imputation,,Unknown,277,2025-10-16 15:11:03.257118,pytorch_encoder
merchant_category,fallback_imputation,,Unknown,281,2025-10-16 15:11:03.257119,pytorch_encoder
merchant_category,fallback_imputation,,Unknown,290,2025-10-16 15:11:03.257120,pytorch_encoder
merchant_category,fallback_imputation,,Unknown,293,2025-10-16 15:11:03.257121,pytorch_encoder
merchant_category,fallback_imputation,,Unknown,294,2025-10-16 15:11:03.257122,pytorch_encoder
merchant_category,fallback_imputation,,Unknown,297,2025-10-16 15:11:03.257123,pytorch_encoder
merchant_category,fallback_imputation,,Unknown,306,2025-10-16 15:11:03.257125,pytorch_encoder
merchant_category,fallback_imputation,,Unknown,307,2025-10-16 15:11:03.257126,pytorch_encoder
merchant_category,fallback_imputation,,Unknown,324,2025-10-16 15:11:03.257127,pytorch_encoder
merchant_category,fallback_imputation,,Unknown,326,2025-10-16 15:11:03.257128,pytorch_encoder
merchant_category,fallback_imputation,,Unknown,332,2025-10-16 15:11:03.257129,pytorch_encoder
merchant_category,fallback_imputation,,Unknown,335,2025-10-16 15:11:03.257130,pytorch_encoder
merchant_category,fallback_imputation,,Unknown,338,2025-10-16 15:11:03.257132,pytorch_encoder
merchant_category,fallback_imputation,,Unknown,339,2025-10-16 15:11:03.257133,pytorch_encoder
merchant_category,fallback_imputation,,Unknown,342,2025-10-16 15:11:03.257134,pytorch_encoder
merchant_category,fallback_imputation,,Unknown,346,2025-10-16 15:11:03.257135,pytorch_encoder
merchant_category,fallback_imputation,,Unknown,349,2025-10-16 15:11:03.257136,pytorch_encoder
merchant_category,fallback_imputation,,Unknown,352,2025-10-16 15:11:03.257137,pytorch_encoder
merchant_category,fallback_imputation,,Unknown,354,2025-10-16 15:11:03.257138,pytorch_encoder
merchant_category,fallback_imputation,,Unknown,358,2025-10-16 15:11:03.257139,pytorch_encoder
merchant_category,fallback_imputation,,Unknown,363,2025-10-16 15:11:03.257141,pytorch_encoder
merchant_category,fallback_imputation,,Unknown,371,2025-10-16 15:11:03.257142,pytorch_encoder
merchant_category,fallback_imputation,,Unknown,372,2025-10-16 15:11:03.257144,pytorch_encoder
merchant_category,fallback_imputation,,Unknown,380,2025-10-16 15:11:03.257145,pytorch_encoder
merchant_category,fallback_imputation,,Unknown,385,2025-10-16 15:11:03.257146,pytorch_encoder
merchant_category,fallback_imputation,,Unknown,392,2025-10-16 15:11:03.257147,pytorch_encoder
merchant_category,fallback_imputation,,Unknown,399,2025-10-16 15:11:03.257148,pytorch_encoder
merchant_category,fallback_imputation,,Unknown,400,2025-10-16 15:11:03.257149,pytorch_encoder
merchant_category,fallback_imputation,,Unknown,407,2025-10-16 15:11:03.257150,pytorch_encoder
merchant_category,fallback_imputation,,Unknown,408,2025-10-16 15:11:03.257151,pytorch_encoder
merchant_category,fallback_imputation,,Unknown,409,2025-10-16 15:11:03.257152,pytorch_encoder
merchant_category,fallback_imputation,,Unknown,415,2025-10-16 15:11:03.257153,pytorch_encoder
merchant_category,fallback_imputation,,Unknown,416,2025-10-16 15:11:03.257154,pytorch_encoder
merchant_category,fallback_imputation,,Unknown,417,2025-10-16 15:11:03.257156,pytorch_encoder
merchant_category,fallback_imputation,,Unknown,428,2025-10-16 15:11:03.257157,pytorch_encoder
merchant_category,fallback_imputation,,Unknown,431,2025-10-16 15:11:03.257158,pytorch_encoder
merchant_category,fallback_imputation,,Unknown,434,2025-10-16 15:11:03.257159,pytorch_encoder
merchant_category,fallback_imputation,,Unknown,438,2025-10-16 15:11:03.257160,pytorch_encoder
merchant_category,fallback_imputation,,Unknown,440,2025-10-16 15:11:03.257162,pytorch_encoder
merchant_category,fallback_imputation,,Unknown,446,2025-10-16 15:11:03.257163,pytorch_encoder
merchant_category,fallback_imputation,,Unknown,450,2025-10-16 15:11:03.257164,pytorch_encoder
merchant_category,fallback_imputation,,Unknown,452,2025-10-16 15:11:03.257165,pytorch_encoder
merchant_category,fallback_imputation,,Unknown,455,2025-10-16 15:11:03.257166,pytorch_encoder
merchant_category,fallback_imputation,,Unknown,458,2025-10-16 15:11:03.257167,pytorch_encoder
merchant_category,fallback_imputation,,Unknown,459,2025-10-16 15:11:03.257168,pytorch_encoder
merchant_category,fallback_imputation,,Unknown,460,2025-10-16 15:11:03.257169,pytorch_encoder
merchant_category,fallback_imputation,,Unknown,466,2025-10-16 15:11:03.257171,pytorch_encoder
merchant_category,fallback_imputation,,Unknown,472,2025-10-16 15:11:03.257173,pytorch_encoder
merchant_category,fallback_imputation,,Unknown,473,2025-10-16 15:11:03.257174,pytorch_encoder
merchant_category,fallback_imputation,,Unknown,476,2025-10-16 15:11:03.257175,pytorch_encoder
merchant_category,fallback_imputation,,Unknown,480,2025-10-16 15:11:03.257176,pytorch_encoder
merchant_category,fallback_imputation,,Unknown,484,2025-10-16 15:11:03.257177,pytorch_encoder
merchant_category,fallback_imputation,,Unknown,491,2025-10-16 15:11:03.257178,pytorch_encoder
merchant_category,fallback_imputation,,Unknown,492,2025-10-16 15:11:03.257179,pytorch_encoder
merchant_category,fallback_imputation,,Unknown,494,2025-10-16 15:11:03.257180,pytorch_encoder
merchant_category,fallback_imputation,,Unknown,501,2025-10-16 15:11:03.257181,pytorch_encoder
merchant_category,fallback_imputation,,Unknown,502,2025-10-16 15:11:03.257182,pytorch_encoder
merchant_category,fallback_imputation,,Unknown,504,2025-10-16 15:11:03.257183,pytorch_encoder
merchant_category,fallback_imputation,,Unknown,521,2025-10-16 15:11:03.257185,pytorch_encoder
merchant_category,fallback_imputation,,Unknown,522,2025-10-16 15:11:03.257186,pytorch_encoder
merchant_category,fallback_imputation,,Unknown,524,2025-10-16 15:11:03.257187,pytorch_encoder
merchant_category,fallback_imputation,,Unknown,531,2025-10-16 15:11:03.257188,pytorch_encoder
merchant_category,fallback_imputation,,Unknown,532,2025-10-16 15:11:03.257189,pytorch_encoder
merchant_category,fallback_imputation,,Unknown,536,2025-10-16 15:11:03.257190,pytorch_encoder
merchant_category,fallback_imputation,,Unknown,537,2025-10-16 15:11:03.257191,pytorch_encoder
merchant_category,fallback_imputation,,Unknown,546,2025-10-16 15:11:03.257192,pytorch_encoder
merchant_category,fallback_imputation,,Unknown,549,2025-10-16 15:11:03.257193,pytorch_encoder
merchant_category,fallback_imputation,,Unknown,552,2025-10-16 15:11:03.257194,pytorch_encoder
merchant_category,fallback_imputation,,Unknown,560,2025-10-16 15:11:03.257195,pytorch_encoder
merchant_category,fallback_imputation,,Unknown,564,2025-10-16 15:11:03.257196,pytorch_encoder
merchant_category,fallback_imputation,,Unknown,565,2025-10-16 15:11:03.257197,pytorch_encoder
merchant_category,fallback_imputation,,Unknown,568,2025-10-16 15:11:03.257198,pytorch_encoder
merchant_category,fallback_imputation,,Unknown,576,2025-10-16 15:11:03.257200,pytorch_encoder
merchant_category,fallback_imputation,,Unknown,585,2025-10-16 15:11:03.257201,pytorch_encoder
merchant_category,fallback_imputation,,Unknown,593,2025-10-16 15:11:03.257202,pytorch_encoder
merchant_category,fallback_imputation,,Unknown,603,2025-10-16 15:11:03.257203,pytorch_encoder
merchant_category,fallback_imputation,,Unknown,605,2025-10-16 15:11:03.257204,pytorch_encoder
merchant_category,fallback_imputation,,Unknown,609,2025-10-16 15:11:03.257205,pytorch_encoder
merchant_category,fallback_imputation,,Unknown,610,2025-10-16 15:11:03.257206,pytorch_encoder
merchant_category,fallback_imputation,,Unknown,613,2025-10-16 15:11:03.257207,pytorch_encoder
merchant_category,fallback_imputation,,Unknown,614,2025-10-16 15:11:03.257208,pytorch_encoder
merchant_category,fallback_imputation,,Unknown,619,2025-10-16 15:11:03.257209,pytorch_encoder
merchant_category,fallback_imputation,,Unknown,621,2025-10-16 15:11:03.257210,pytorch_encoder
merchant_category,fallback_imputation,,Unknown,627,2025-10-16 15:11:03.257211,pytorch_encoder
merchant_category,fallback_imputation,,Unknown,629,2025-10-16 15:11:03.257212,pytorch_encoder
merchant_category,fallback_imputation,,Unknown,630,2025-10-16 15:11:03.257217,pytorch_encoder
merchant_category,fallback_imputation,,Unknown,632,2025-10-16 15:11:03.257218,pytorch_encoder
merchant_category,fallback_imputation,,Unknown,633,2025-10-16 15:11:03.257220,pytorch_encoder
merchant_category,fallback_imputation,,Unknown,648,2025-10-16 15:11:03.257221,pytorch_encoder
merchant_category,fallback_imputation,,Unknown,649,2025-10-16 15:11:03.257222,pytorch_encoder
merchant_category,fallback_imputation,,Unknown,658,2025-10-16 15:11:03.257223,pytorch_encoder
merchant_category,fallback_imputation,,Unknown,666,2025-10-16 15:11:03.257224,pytorch_encoder
merchant_category,fallback_imputation,,Unknown,669,2025-10-16 15:11:03.257225,pytorch_encoder
merchant_category,fallback_imputation,,Unknown,676,2025-10-16 15:11:03.257226,pytorch_encoder
merchant_category,fallback_imputation,,Unknown,677,2025-10-16 15:11:03.257227,pytorch_encoder
merchant_category,fallback_imputation,,Unknown,681,2025-10-16 15:11:03.257228,pytorch_encoder
merchant_category,fallback_imputation,,Unknown,686,2025-10-16 15:11:03.257229,pytorch_encoder
merchant_category,fallback_imputation,,Unknown,688,2025-10-16 15:11:03.257230,pytorch_encoder
merchant_category,fallback_imputation,,Unknown,691,2025-10-16 15:11:03.257283,pytorch_encoder
merchant_category,fallback_imputation,,Unknown,693,2025-10-16 15:11:03.257285,pytorch_encoder
merchant_category,fallback_imputation,,Unknown,697,2025-10-16 15:11:03.257286,pytorch_encoder
merchant_category,fallback_imputation,,Unknown,699,2025-10-16 15:11:03.257287,pytorch_encoder
merchant_category,fallback_imputation,,Unknown,707,2025-10-16 15:11:03.257288,pytorch_encoder
merchant_category,fallback_imputation,,Unknown,708,2025-10-16 15:11:03.257289,pytorch_encoder
merchant_category,fallback_imputation,,Unknown,717,2025-10-16 15:11:03.257290,pytorch_encoder
merchant_category,fallback_imputation,,Unknown,718,2025-10-16 15:11:03.257291,pytorch_encoder
merchant_category,fallback_imputation,,Unknown,721,2025-10-16 15:11:03.257292,pytorch_encoder
merchant_category,fallback_imputation,,Unknown,722,2025-10-16 15:11:03.257293,pytorch_encoder
merchant_category,fallback_imputation,,Unknown,723,2025-10-16 15:11:03.257294,pytorch_encoder
merchant_category,fallback_imputation,,Unknown,730,2025-10-16 15:11:03.257295,pytorch_encoder
merchant_category,fallback_imputation,,Unknown,735,2025-10-16 15:11:03.257296,pytorch_encoder
merchant_category,fallback_imputation,,Unknown,738,2025-10-16 15:11:03.257297,pytorch_encoder
merchant_category,fallback_imputation,,Unknown,741,2025-10-16 15:11:03.257298,pytorch_encoder
merchant_category,fallback_imputation,,Unknown,742,2025-10-16 15:11:03.257299,pytorch_encoder
merchant_category,fallback_imputation,,Unknown,743,2025-10-16 15:11:03.257300,pytorch_encoder
merchant_category,fallback_imputation,,Unknown,750,2025-10-16 15:11:03.257301,pytorch_encoder
merchant_category,fallback_imputation,,Unknown,752,2025-10-16 15:11:03.257302,pytorch_encoder
merchant_category,fallback_imputation,,Unknown,753,2025-10-16 15:11:03.257303,pytorch_encoder
merchant_category,fallback_imputation,,Unknown,755,2025-10-16 15:11:03.257304,pytorch_encoder
merchant_category,fallback_imputation,,Unknown,759,2025-10-16 15:11:03.257305,pytorch_encoder
merchant_category,fallback_imputation,,Unknown,764,2025-10-16 15:11:03.257306,pytorch_encoder
merchant_category,fallback_imputation,,Unknown,766,2025-10-16 15:11:03.257307,pytorch_encoder
merchant_category,fallback_imputation,,Unknown,771,2025-10-16 15:11:03.257308,pytorch_encoder
merchant_category,fallback_imputation,,Unknown,777,2025-10-16 15:11:03.257309,pytorch_encoder
merchant_category,fallback_imputation,,Unknown,784,2025-10-16 15:11:03.257311,pytorch_encoder
merchant_category,fallback_imputation,,Unknown,785,2025-10-16 15:11:03.257312,pytorch_encoder
merchant_category,fallback_imputation,,Unknown,790,2025-10-16 15:11:03.257313,pytorch_encoder
merchant_category,fallback_imputation,,Unknown,796,2025-10-16 15:11:03.257314,pytorch_encoder
merchant_category,fallback_imputation,,Unknown,800,2025-10-16 15:11:03.257315,pytorch_encoder
merchant_category,fallback_imputation,,Unknown,801,2025-10-16 15:11:03.257316,pytorch_encoder
merchant_category,fallback_imputation,,Unknown,804,2025-10-16 15:11:03.257317,pytorch_encoder
merchant_category,fallback_imputation,,Unknown,810,2025-10-16 15:11:03.257318,pytorch_encoder
merchant_category,fallback_imputation,,Unknown,812,2025-10-16 15:11:03.257319,pytorch_encoder
merchant_category,fallback_imputation,,Unknown,816,2025-10-16 15:11:03.257320,pytorch_encoder
merchant_category,fallback_imputation,,Unknown,819,2025-10-16 15:11:03.257321,pytorch_encoder
merchant_category,fallback_imputation,,Unknown,820,2025-10-16 15:11:03.257322,pytorch_encoder
merchant_category,fallback_imputation,,Unknown,822,2025-10-16 15:11:03.257323,pytorch_encoder
merchant_category,fallback_imputation,,Unknown,828,2025-10-16 15:11:03.257325,pytorch_encoder
merchant_category,fallback_imputation,,Unknown,833,2025-10-16 15:11:03.257326,pytorch_encoder
merchant_category,fallback_imputation,,Unknown,834,2025-10-16 15:11:03.257327,pytorch_encoder
merchant_category,fallback_imputation,,Unknown,839,2025-10-16 15:11:03.257328,pytorch_encoder
merchant_category,fallback_imputation,,Unknown,844,2025-10-16 15:11:03.257355,pytorch_encoder
merchant_category,fallback_imputation,,Unknown,845,2025-10-16 15:11:03.257356,pytorch_encoder
merchant_category,fallback_imputation,,Unknown,847,2025-10-16 15:11:03.257357,pytorch_encoder
merchant_category,fallback_imputation,,Unknown,851,2025-10-16 15:11:03.257358,pytorch_encoder
merchant_category,fallback_imputation,,Unknown,855,2025-10-16 15:11:03.257359,pytorch_encoder
merchant_category,fallback_imputation,,Unknown,856,2025-10-16 15:11:03.257360,pytorch_encoder
merchant_category,fallback_imputation,,Unknown,858,2025-10-16 15:11:03.257361,pytorch_encoder
merchant_category,fallback_imputation,,Unknown,859,2025-10-16 15:11:03.257362,pytorch_encoder
merchant_category,fallback_imputation,,Unknown,862,2025-10-16 15:11:03.257363,pytorch_encoder
merchant_category,fallback_imputation,,Unknown,863,2025-10-16 15:11:03.257364,pytorch_encoder
merchant_category,fallback_imputation,,Unknown,869,2025-10-16 15:11:03.257365,pytorch_encoder
merchant_category,fallback_imputation,,Unknown,876,2025-10-16 15:11:03.257366,pytorch_encoder
merchant_category,fallback_imputation,,Unknown,877,2025-10-16 15:11:03.257367,pytorch_encoder
merchant_category,fallback_imputation,,Unknown,878,2025-10-16 15:11:03.257369,pytorch_encoder
merchant_category,fallback_imputation,,Unknown,883,2025-10-16 15:11:03.257370,pytorch_encoder
merchant_category,fallback_imputation,,Unknown,886,2025-10-16 15:11:03.257371,pytorch_encoder
merchant_category,fallback_imputation,,Unknown,893,2025-10-16 15:11:03.257372,pytorch_encoder
merchant_category,fallback_imputation,,Unknown,894,2025-10-16 15:11:03.257373,pytorch_encoder
merchant_category,fallback_imputation,,Unknown,895,2025-10-16 15:11:03.257374,pytorch_encoder
merchant_category,fallback_imputation,,Unknown,897,2025-10-16 15:11:03.257375,pytorch_encoder
merchant_category,fallback_imputation,,Unknown,907,2025-10-16 15:11:03.257376,pytorch_encoder
merchant_category,fallback_imputation,,Unknown,910,2025-10-16 15:11:03.257377,pytorch_encoder
merchant_category,fallback_imputation,,Unknown,914,2025-10-16 15:11:03.257380,pytorch_encoder
merchant_category,fallback_imputation,,Unknown,918,2025-10-16 15:11:03.257381,pytorch_encoder
merchant_category,fallback_imputation,,Unknown,920,2025-10-16 15:11:03.257382,pytorch_encoder
merchant_category,fallback_imputation,,Unknown,921,2025-10-16 15:11:03.257383,pytorch_encoder
merchant_category,fallback_imputation,,Unknown,923,2025-10-16 15:11:03.257384,pytorch_encoder
merchant_category,fallback_imputation,,Unknown,928,2025-10-16 15:11:03.257385,pytorch_encoder
merchant_category,fallback_imputation,,Unknown,934,2025-10-16 15:11:03.257386,pytorch_encoder
merchant_category,fallback_imputation,,Unknown,936,2025-10-16 15:11:03.257387,pytorch_encoder
merchant_category,fallback_imputation,,Unknown,937,2025-10-16 15:11:03.257388,pytorch_encoder
merchant_category,fallback_imputation,,Unknown,941,2025-10-16 15:11:03.257389,pytorch_encoder
merchant_category,fallback_imputation,,Unknown,942,2025-10-16 15:11:03.257390,pytorch_encoder
merchant_category,fallback_imputation,,Unknown,948,2025-10-16 15:11:03.257391,pytorch_encoder
merchant_category,fallback_imputation,,Unknown,949,2025-10-16 15:11:03.257392,pytorch_encoder
merchant_category,fallback_imputation,,Unknown,953,2025-10-16 15:11:03.257393,pytorch_encoder
merchant_category,fallback_imputation,,Unknown,955,2025-10-16 15:11:03.257394,pytorch_encoder
merchant_category,fallback_imputation,,Unknown,960,2025-10-16 15:11:03.257395,pytorch_encoder
merchant_category,fallback_imputation,,Unknown,965,2025-10-16 15:11:03.257396,pytorch_encoder
merchant_category,fallback_imputation,,Unknown,966,2025-10-16 15:11:03.257397,pytorch_encoder
merchant_category,fallback_imputation,,Unknown,968,2025-10-16 15:11:03.257398,pytorch_encoder
merchant_category,fallback_imputation,,Unknown,974,2025-10-16 15:11:03.257399,pytorch_encoder
merchant_category,fallback_imputation,,Unknown,975,2025-10-16 15:11:03.257400,pytorch_encoder
merchant_category,fallback_imputation,,Unknown,980,2025-10-16 15:11:03.257401,pytorch_encoder
merchant_category,fallback_imputation,,Unknown,987,2025-10-16 15:11:03.257402,pytorch_encoder
merchant_category,fallback_imputation,,Unknown,990,2025-10-16 15:11:03.257403,pytorch_encoder
merchant_category,fallback_imputation,,Unknown,991,2025-10-16 15:11:03.257405,pytorch_encoder
merchant_category,fallback_imputation,,Unknown,994,2025-10-16 15:11:03.257406,pytorch_encoder
merchant_category,fallback_imputation,,Unknown,995,2025-10-16 15:11:03.257407,pytorch_encoder
merchant_category,fallback_imputation,,Unknown,996,2025-10-16 15:11:03.257408,pytorch_encoder
merchant_category,fallback_imputation,,Unknown,998,2025-10-16 15:11:03.257409,pytorch_encoder
merchant_category,fallback_imputation,,Unknown,1001,2025-10-16 15:11:03.257410,pytorch_encoder
merchant_category,fallback_imputation,,Unknown,1005,2025-10-16 15:11:03.257411,pytorch_encoder
merchant_category,fallback_imputation,,Unknown,1008,2025-10-16 15:11:03.257412,pytorch_encoder
merchant_category,fallback_imputation,,Unknown,1009,2025-10-16 15:11:03.257413,pytorch_encoder
merchant_category,fallback_imputation,,Unknown,1012,2025-10-16 15:11:03.257414,pytorch_encoder
merchant_category,fallback_imputation,,Unknown,1013,2025-10-16 15:11:03.257415,pytorch_encoder
merchant_category,fallback_imputation,,Unknown,1020,2025-10-16 15:11:03.257416,pytorch_encoder
merchant_category,fallback_imputation,,Unknown,1021,2025-10-16 15:11:03.257417,pytorch_encoder
merchant_category,fallback_imputation,,Unknown,1024,2025-10-16 15:11:03.257418,pytorch_encoder
merchant_category,fallback_imputation,,Unknown,1029,2025-10-16 15:11:03.257419,pytorch_encoder
merchant_category,fallback_imputation,,Unknown,1030,2025-10-16 15:11:03.257421,pytorch_encoder
merchant_category,fallback_imputation,,Unknown,1034,2025-10-16 15:11:03.257422,pytorch_encoder
merchant_category,fallback_imputation,,Unknown,1038,2025-10-16 15:11:03.257423,pytorch_encoder
merchant_category,fallback_imputation,,Unknown,1039,2025-10-16 15:11:03.257424,pytorch_encoder
merchant_category,fallback_imputation,,Unknown,1040,2025-10-16 15:11:03.257425,pytorch_encoder
merchant_category,fallback_imputation,,Unknown,1054,2025-10-16 15:11:03.257426,pytorch_encoder
merchant_category,fallback_imputation,,Unknown,1058,2025-10-16 15:11:03.257427,pytorch_encoder
merchant_category,fallback_imputation,,Unknown,1062,2025-10-16 15:11:03.257428,pytorch_encoder
merchant_category,fallback_imputation,,Unknown,1068,2025-10-16 15:11:03.257429,pytorch_encoder
merchant_category,fallback_imputation,,Unknown,1074,2025-10-16 15:11:03.257430,pytorch_encoder
merchant_category,fallback_imputation,,Unknown,1075,2025-10-16 15:11:03.257431,pytorch_encoder
merchant_category,fallback_imputation,,Unknown,1082,2025-10-16 15:11:03.257433,pytorch_encoder
merchant_category,fallback_imputation,,Unknown,1086,2025-10-16 15:11:03.257434,pytorch_encoder
merchant_category,fallback_imputation,,Unknown,1089,2025-10-16 15:11:03.257435,pytorch_encoder
merchant_category,fallback_imputation,,Unknown,1090,2025-10-16 15:11:03.257436,pytorch_encoder
merchant_category,fallback_imputation,,Unknown,1094,2025-10-16 15:11:03.257438,pytorch_encoder
merchant_category,fallback_imputation,,Unknown,1096,2025-10-16 15:11:03.257439,pytorch_encoder
merchant_category,fallback_imputation,,Unknown,1106,2025-10-16 15:11:03.257440,pytorch_encoder
merchant_category,fallback_imputation,,Unknown,1109,2025-10-16 15:11:03.257441,pytorch_encoder
merchant_category,fallback_imputation,,Unknown,1113,2025-10-16 15:11:03.257442,pytorch_encoder
merchant_category,fallback_imputation,,Unknown,1114,2025-10-16 15:11:03.257443,pytorch_encoder
merchant_category,fallback_imputation,,Unknown,1115,2025-10-16 15:11:03.257444,pytorch_encoder
merchant_category,fallback_imputation,,Unknown,1118,2025-10-16 15:11:03.257446,pytorch_encoder
merchant_category,fallback_imputation,,Unknown,1119,2025-10-16 15:11:03.257447,pytorch_encoder
merchant_category,fallback_imputation,,Unknown,1121,2025-10-16 15:11:03.257448,pytorch_encoder
merchant_category,fallback_imputation,,Unknown,1122,2025-10-16 15:11:03.257449,pytorch_encoder
merchant_category,fallback_imputation,,Unknown,1125,2025-10-16 15:11:03.257450,pytorch_encoder
merchant_category,fallback_imputation,,Unknown,1127,2025-10-16 15:11:03.257451,pytorch_encoder
merchant_category,fallback_imputation,,Unknown,1136,2025-10-16 15:11:03.257452,pytorch_encoder
merchant_category,fallback_imputation,,Unknown,1138,2025-10-16 15:11:03.257453,pytorch_encoder
merchant_category,fallback_imputation,,Unknown,1150,2025-10-16 15:11:03.257454,pytorch_encoder
merchant_category,fallback_imputation,,Unknown,1151,2025-10-16 15:11:03.257455,pytorch_encoder
merchant_category,fallback_imputation,,Unknown,1154,2025-10-16 15:11:03.257456,pytorch_encoder
merchant_category,fallback_imputation,,Unknown,1157,2025-10-16 15:11:03.257457,pytorch_encoder
merchant_category,fallback_imputation,,Unknown,1162,2025-10-16 15:11:03.257458,pytorch_encoder
merchant_category,fallback_imputation,,Unknown,1167,2025-10-16 15:11:03.257459,pytorch_encoder
merchant_category,fallback_imputation,,Unknown,1169,2025-10-16 15:11:03.257461,pytorch_encoder
merchant_category,fallback_imputation,,Unknown,1171,2025-10-16 15:11:03.257462,pytorch_encoder
merchant_category,fallback_imputation,,Unknown,1173,2025-10-16 15:11:03.257463,pytorch_encoder
merchant_category,fallback_imputation,,Unknown,1175,2025-10-16 15:11:03.257464,pytorch_encoder
merchant_category,fallback_imputation,,Unknown,1177,2025-10-16 15:11:03.257465,pytorch_encoder
merchant_category,fallback_imputation,,Unknown,1179,2025-10-16 15:11:03.257466,pytorch_encoder
merchant_category,fallback_imputation,,Unknown,1185,2025-10-16 15:11:03.257467,pytorch_encoder
merchant_category,fallback_imputation,,Unknown,1191,2025-10-16 15:11:03.257468,pytorch_encoder
merchant_category,fallback_imputation,,Unknown,1196,2025-10-16 15:11:03.257469,pytorch_encoder
merchant_category,fallback_imputation,,Unknown,1198,2025-10-16 15:11:03.257470,pytorch_encoder
merchant_category,fallback_imputation,,Unknown,1199,2025-10-16 15:11:03.257471,pytorch_encoder
merchant_category,fallback_imputation,,Unknown,1206,2025-10-16 15:11:03.257472,pytorch_encoder
merchant_category,fallback_imputation,,Unknown,1209,2025-10-16 15:11:03.257473,pytorch_encoder
merchant_category,fallback_imputation,,Unknown,1215,2025-10-16 15:11:03.257474,pytorch_encoder
merchant_category,fallback_imputation,,Unknown,1216,2025-10-16 15:11:03.257475,pytorch_encoder
merchant_category,fallback_imputation,,Unknown,1217,2025-10-16 15:11:03.257476,pytorch_encoder
merchant_category,fallback_imputation,,Unknown,1229,2025-10-16 15:11:03.257478,pytorch_encoder
merchant_category,fallback_imputation,,Unknown,1235,2025-10-16 15:11:03.257479,pytorch_encoder
merchant_category,fallback_imputation,,Unknown,1238,2025-10-16 15:11:03.257480,pytorch_encoder
merchant_category,fallback_imputation,,Unknown,1241,2025-10-16 15:11:03.257482,pytorch_encoder
merchant_category,fallback_imputation,,Unknown,1243,2025-10-16 15:11:03.257483,pytorch_encoder
merchant_category,fallback_imputation,,Unknown,1244,2025-10-16 15:11:03.257484,pytorch_encoder
merchant_category,fallback_imputation,,Unknown,1252,2025-10-16 15:11:03.257485,pytorch_encoder
merchant_category,fallback_imputation,,Unknown,1257,2025-10-16 15:11:03.257486,pytorch_encoder
merchant_category,fallback_imputation,,Unknown,1260,2025-10-16 15:11:03.257487,pytorch_encoder
merchant_category,fallback_imputation,,Unknown,1266,2025-10-16 15:11:03.257488,pytorch_encoder
merchant_category,fallback_imputation,,Unknown,1268,2025-10-16 15:11:03.257489,pytorch_encoder
merchant_category,fallback_imputation,,Unknown,1271,2025-10-16 15:11:03.257490,pytorch_encoder
merchant_category,fallback_imputation,,Unknown,1272,2025-10-16 15:11:03.257491,pytorch_encoder
merchant_category,fallback_imputation,,Unknown,1277,2025-10-16 15:11:03.257492,pytorch_encoder
merchant_category,fallback_imputation,,Unknown,1279,2025-10-16 15:11:03.257493,pytorch_encoder
merchant_category,fallback_imputation,,Unknown,1286,2025-10-16 15:11:03.257494,pytorch_encoder
merchant_category,fallback_imputation,,Unknown,1292,2025-10-16 15:11:03.257495,pytorch_encoder
merchant_category,fallback_imputation,,Unknown,1297,2025-10-16 15:11:03.257496,pytorch_encoder
merchant_category,fallback_imputation,,Unknown,1298,2025-10-16 15:11:03.257497,pytorch_encoder
merchant_category,fallback_imputation,,Unknown,1299,2025-10-16 15:11:03.257498,pytorch_encoder
merchant_category,fallback_imputation,,Unknown,1304,2025-10-16 15:11:03.257499,pytorch_encoder
merchant_category,fallback_imputation,,Unknown,1307,2025-10-16 15:11:03.257500,pytorch_encoder
merchant_category,fallback_imputation,,Unknown,1308,2025-10-16 15:11:03.257501,pytorch_encoder
merchant_category,fallback_imputation,,Unknown,1310,2025-10-16 15:11:03.257502,pytorch_encoder
merchant_category,fallback_imputation,,Unknown,1314,2025-10-16 15:11:03.257503,pytorch_encoder
merchant_category,fallback_imputation,,Unknown,1320,2025-10-16 15:11:03.257504,pytorch_encoder
merchant_category,fallback_imputation,,Unknown,1321,2025-10-16 15:11:03.257506,pytorch_encoder
merchant_category,fallback_imputation,,Unknown,1322,2025-10-16 15:11:03.257507,pytorch_encoder
merchant_category,fallback_imputation,,Unknown,1325,2025-10-16 15:11:03.257509,pytorch_encoder
merchant_category,fallback_imputation,,Unknown,1329,2025-10-16 15:11:03.257510,pytorch_encoder
merchant_category,fallback_imputation,,Unknown,1333,2025-10-16 15:11:03.257511,pytorch_encoder
merchant_category,fallback_imputation,,Unknown,1343,2025-10-16 15:11:03.257512,pytorch_encoder
merchant_category,fallback_imputation,,Unknown,1346,2025-10-16 15:11:03.257513,pytorch_encoder
merchant_category,fallback_imputation,,Unknown,1348,2025-10-16 15:11:03.257514,pytorch_encoder
merchant_category,fallback_imputation,,Unknown,1349,2025-10-16 15:11:03.257515,pytorch_encoder
merchant_category,fallback_imputation,,Unknown,1361,2025-10-16 15:11:03.257516,pytorch_encoder
merchant_category,fallback_imputation,,Unknown,1362,2025-10-16 15:11:03.257517,pytorch_encoder
merchant_category,fallback_imputation,,Unknown,1364,2025-10-16 15:11:03.257518,pytorch_encoder
merchant_category,fallback_imputation,,Unknown,1372,2025-10-16 15:11:03.257519,pytorch_encoder
merchant_category,fallback_imputation,,Unknown,1381,2025-10-16 15:11:03.257520,pytorch_encoder
merchant_category,fallback_imputation,,Unknown,1384,2025-10-16 15:11:03.257521,pytorch_encoder
merchant_category,fallback_imputation,,Unknown,1385,2025-10-16 15:11:03.257522,pytorch_encoder
merchant_category,fallback_imputation,,Unknown,1388,2025-10-16 15:11:03.257523,pytorch_encoder
merchant_category,fallback_imputation,,Unknown,1390,2025-10-16 15:11:03.257524,pytorch_encoder
merchant_category,fallback_imputation,,Unknown,1393,2025-10-16 15:11:03.257525,pytorch_encoder
merchant_category,fallback_imputation,,Unknown,1395,2025-10-16 15:11:03.257526,pytorch_encoder
merchant_category,fallback_imputation,,Unknown,1396,2025-10-16 15:11:03.257528,pytorch_encoder
merchant_category,fallback_imputation,,Unknown,1398,2025-10-16 15:11:03.257529,pytorch_encoder
merchant_category,fallback_imputation,,Unknown,1399,2025-10-16 15:11:03.257530,pytorch_encoder
merchant_category,fallback_imputation,,Unknown,1403,2025-10-16 15:11:03.257531,pytorch_encoder
merchant_category,fallback_imputation,,Unknown,1406,2025-10-16 15:11:03.257532,pytorch_encoder
merchant_category,fallback_imputation,,Unknown,1407,2025-10-16 15:11:03.257533,pytorch_encoder
merchant_category,fallback_imputation,,Unknown,1420,2025-10-16 15:11:03.257534,pytorch_encoder
merchant_category,fallback_imputation,,Unknown,1422,2025-10-16 15:11:03.257535,pytorch_encoder
merchant_category,fallback_imputation,,Unknown,1424,2025-10-16 15:11:03.257536,pytorch_encoder
merchant_category,fallback_imputation,,Unknown,1426,2025-10-16 15:11:03.257537,pytorch_encoder
merchant_category,fallback_imputation,,Unknown,1427,2025-10-16 15:11:03.257538,pytorch_encoder
merchant_category,fallback_imputation,,Unknown,1430,2025-10-16 15:11:03.257539,pytorch_encoder
merchant_category,fallback_imputation,,Unknown,1432,2025-10-16 15:11:03.257540,pytorch_encoder
merchant_category,fallback_imputation,,Unknown,1442,2025-10-16 15:11:03.257541,pytorch_encoder
merchant_category,fallback_imputation,,Unknown,1445,2025-10-16 15:11:03.257542,pytorch_encoder
merchant_category,fallback_imputation,,Unknown,1449,2025-10-16 15:11:03.257543,pytorch_encoder
merchant_category,fallback_imputation,,Unknown,1453,2025-10-16 15:11:03.257544,pytorch_encoder
merchant_category,fallback_imputation,,Unknown,1458,2025-10-16 15:11:03.257545,pytorch_encoder
merchant_category,fallback_imputation,,Unknown,1464,2025-10-16 15:11:03.257546,pytorch_encoder
merchant_category,fallback_imputation,,Unknown,1465,2025-10-16 15:11:03.257548,pytorch_encoder
merchant_category,fallback_imputation,,Unknown,1466,2025-10-16 15:11:03.257549,pytorch_encoder
merchant_category,fallback_imputation,,Unknown,1469,2025-10-16 15:11:03.257551,pytorch_encoder
merchant_category,fallback_imputation,,Unknown,1473,2025-10-16 15:11:03.257552,pytorch_encoder
merchant_category,fallback_imputation,,Unknown,1475,2025-10-16 15:11:03.257553,pytorch_encoder
merchant_category,fallback_imputation,,Unknown,1477,2025-10-16 15:11:03.257554,pytorch_encoder
merchant_category,fallback_imputation,,Unknown,1478,2025-10-16 15:11:03.257555,pytorch_encoder
merchant_category,fallback_imputation,,Unknown,1480,2025-10-16 15:11:03.257556,pytorch_encoder
merchant_category,fallback_imputation,,Unknown,1486,2025-10-16 15:11:03.257557,pytorch_encoder
merchant_category,fallback_imputation,,Unknown,1488,2025-10-16 15:11:03.257558,pytorch_encoder
merchant_category,fallback_imputation,,Unknown,1490,2025-10-16 15:11:03.257559,pytorch_encoder
merchant_category,fallback_imputation,,Unknown,1491,2025-10-16 15:11:03.257560,pytorch_encoder
merchant_category,fallback_imputation,,Unknown,1497,2025-10-16 15:11:03.257561,pytorch_encoder
merchant_category,fallback_imputation,,Unknown,1499,2025-10-16 15:11:03.257562,pytorch_encoder
merchant_category,fallback_imputation,,Unknown,1502,2025-10-16 15:11:03.257563,pytorch_encoder
merchant_category,fallback_imputation,,Unknown,1509,2025-10-16 15:11:03.257564,pytorch_encoder
merchant_category,fallback_imputation,,Unknown,1516,2025-10-16 15:11:03.257565,pytorch_encoder
merchant_category,fallback_imputation,,Unknown,1517,2025-10-16 15:11:03.257566,pytorch_encoder
merchant_category,fallback_imputation,,Unknown,1533,2025-10-16 15:11:03.257567,pytorch_encoder
merchant_category,fallback_imputation,,Unknown,1535,2025-10-16 15:11:03.257568,pytorch_encoder
merchant_category,fallback_imputation,,Unknown,1536,2025-10-16 15:11:03.257570,pytorch_encoder
merchant_category,fallback_imputation,,Unknown,1541,2025-10-16 15:11:03.257571,pytorch_encoder
merchant_category,fallback_imputation,,Unknown,1549,2025-10-16 15:11:03.257572,pytorch_encoder
merchant_category,fallback_imputation,,Unknown,1551,2025-10-16 15:11:03.257573,pytorch_encoder
merchant_category,fallback_imputation,,Unknown,1552,2025-10-16 15:11:03.257575,pytorch_encoder
merchant_category,fallback_imputation,,Unknown,1562,2025-10-16 15:11:03.257576,pytorch_encoder
merchant_category,fallback_imputation,,Unknown,1564,2025-10-16 15:11:03.257577,pytorch_encoder
merchant_category,fallback_imputation,,Unknown,1566,2025-10-16 15:11:03.257578,pytorch_encoder
merchant_category,fallback_imputation,,Unknown,1571,2025-10-16 15:11:03.257579,pytorch_encoder
merchant_category,fallback_imputation,,Unknown,1576,2025-10-16 15:11:03.257580,pytorch_encoder
merchant_category,fallback_imputation,,Unknown,1581,2025-10-16 15:11:03.257581,pytorch_encoder
merchant_category,fallback_imputation,,Unknown,1582,2025-10-16 15:11:03.257582,pytorch_encoder
merchant_category,fallback_imputation,,Unknown,1588,2025-10-16 15:11:03.257583,pytorch_encoder
merchant_category,fallback_imputation,,Unknown,1589,2025-10-16 15:11:03.257584,pytorch_encoder
merchant_category,fallback_imputation,,Unknown,1590,2025-10-16 15:11:03.257585,pytorch_encoder
merchant_category,fallback_imputation,,Unknown,1594,2025-10-16 15:11:03.257586,pytorch_encoder
merchant_category,fallback_imputation,,Unknown,1596,2025-10-16 15:11:03.257588,pytorch_encoder
merchant_category,fallback_imputation,,Unknown,1604,2025-10-16 15:11:03.257589,pytorch_encoder
merchant_category,fallback_imputation,,Unknown,1611,2025-10-16 15:11:03.257590,pytorch_encoder
merchant_category,fallback_imputation,,Unknown,1619,2025-10-16 15:11:03.257591,pytorch_encoder
merchant_category,fallback_imputation,,Unknown,1622,2025-10-16 15:11:03.257592,pytorch_encoder
merchant_category,fallback_imputation,,Unknown,1625,2025-10-16 15:11:03.257593,pytorch_encoder
merchant_category,fallback_imputation,,Unknown,1628,2025-10-16 15:11:03.257594,pytorch_encoder
merchant_category,fallback_imputation,,Unknown,1637,2025-10-16 15:11:03.257595,pytorch_encoder
merchant_category,fallback_imputation,,Unknown,1647,2025-10-16 15:11:03.257596,pytorch_encoder
merchant_category,fallback_imputation,,Unknown,1648,2025-10-16 15:11:03.257597,pytorch_encoder
merchant_category,fallback_imputation,,Unknown,1650,2025-10-16 15:11:03.257598,pytorch_encoder
merchant_category,fallback_imputation,,Unknown,1651,2025-10-16 15:11:03.257599,pytorch_encoder
merchant_category,fallback_imputation,,Unknown,1652,2025-10-16 15:11:03.257600,pytorch_encoder
merchant_category,fallback_imputation,,Unknown,1661,2025-10-16 15:11:03.257601,pytorch_encoder
merchant_category,fallback_imputation,,Unknown,1663,2025-10-16 15:11:03.257602,pytorch_encoder
merchant_category,fallback_imputation,,Unknown,1665,2025-10-16 15:11:03.257603,pytorch_encoder
merchant_category,fallback_imputation,,Unknown,1680,2025-10-16 15:11:03.257605,pytorch_encoder
merchant_category,fallback_imputation,,Unknown,1689,2025-10-16 15:11:03.257606,pytorch_encoder
merchant_category,fallback_imputation,,Unknown,1702,2025-10-16 15:11:03.257607,pytorch_encoder
merchant_category,fallback_imputation,,Unknown,1704,2025-10-16 15:11:03.257608,pytorch_encoder
merchant_category,fallback_imputation,,Unknown,1708,2025-10-16 15:11:03.257609,pytorch_encoder
merchant_category,fallback_imputation,,Unknown,1713,2025-10-16 15:11:03.257611,pytorch_encoder
merchant_category,fallback_imputation,,Unknown,1718,2025-10-16 15:11:03.257612,pytorch_encoder
merchant_category,fallback_imputation,,Unknown,1719,2025-10-16 15:11:03.257613,pytorch_encoder
merchant_category,fallback_imputation,,Unknown,1720,2025-10-16 15:11:03.257614,pytorch_encoder
merchant_category,fallback_imputation,,Unknown,1723,2025-10-16 15:11:03.257615,pytorch_encoder
merchant_category,fallback_imputation,,Unknown,1726,2025-10-16 15:11:03.257616,pytorch_encoder
merchant_category,fallback_imputation,,Unknown,1729,2025-10-16 15:11:03.257617,pytorch_encoder
merchant_category,fallback_imputation,,Unknown,1744,2025-10-16 15:11:03.257618,pytorch_encoder
merchant_category,fallback_imputation,,Unknown,1753,2025-10-16 15:11:03.257619,pytorch_encoder
merchant_category,fallback_imputation,,Unknown,1755,2025-10-16 15:11:03.257620,pytorch_encoder
merchant_category,fallback_imputation,,Unknown,1759,2025-10-16 15:11:03.257621,pytorch_encoder
merchant_category,fallback_imputation,,Unknown,1761,2025-10-16 15:11:03.257622,pytorch_encoder
merchant_category,fallback_imputation,,Unknown,1768,2025-10-16 15:11:03.257623,pytorch_encoder
merchant_category,fallback_imputation,,Unknown,1780,2025-10-16 15:11:03.257624,pytorch_encoder
merchant_category,fallback_imputation,,Unknown,1787,2025-10-16 15:11:03.257625,pytorch_encoder
merchant_category,fallback_imputation,,Unknown,1789,2025-10-16 15:11:03.257626,pytorch_encoder
merchant_category,fallback_imputation,,Unknown,1800,2025-10-16 15:11:03.257627,pytorch_encoder
merchant_category,fallback_imputation,,Unknown,1808,2025-10-16 15:11:03.257628,pytorch_encoder
merchant_category,fallback_imputation,,Unknown,1810,2025-10-16 15:11:03.257629,pytorch_encoder
merchant_category,fallback_imputation,,Unknown,1812,2025-10-16 15:11:03.257630,pytorch_encoder
merchant_category,fallback_imputation,,Unknown,1816,2025-10-16 15:11:03.257631,pytorch_encoder
merchant_category,fallback_imputation,,Unknown,1820,2025-10-16 15:11:03.257632,pytorch_encoder
merchant_category,fallback_imputation,,Unknown,1824,2025-10-16 15:11:03.257633,pytorch_encoder
merchant_category,fallback_imputation,,Unknown,1827,2025-10-16 15:11:03.257635,pytorch_encoder
merchant_category,fallback_imputation,,Unknown,1842,2025-10-16 15:11:03.257636,pytorch_encoder
merchant_category,fallback_imputation,,Unknown,1843,2025-10-16 15:11:03.257637,pytorch_encoder
merchant_category,fallback_imputation,,Unknown,1846,2025-10-16 15:11:03.257638,pytorch_encoder
merchant_category,fallback_imputation,,Unknown,1851,2025-10-16 15:11:03.257643,pytorch_encoder
merchant_category,fallback_imputation,,Unknown,1852,2025-10-16 15:11:03.257644,pytorch_encoder
merchant_category,fallback_imputation,,Unknown,1854,2025-10-16 15:11:03.257645,pytorch_encoder
merchant_category,fallback_imputation,,Unknown,1856,2025-10-16 15:11:03.257646,pytorch_encoder
merchant_category,fallback_imputation,,Unknown,1860,2025-10-16 15:11:03.257647,pytorch_encoder
merchant_category,fallback_imputation,,Unknown,1863,2025-10-16 15:11:03.257648,pytorch_encoder
merchant_category,fallback_imputation,,Unknown,1868,2025-10-16 15:11:03.257649,pytorch_encoder
merchant_category,fallback_imputation,,Unknown,1869,2025-10-16 15:11:03.257650,pytorch_encoder
merchant_category,fallback_imputation,,Unknown,1876,2025-10-16 15:11:03.257651,pytorch_encoder
merchant_category,fallback_imputation,,Unknown,1877,2025-10-16 15:11:03.257652,pytorch_encoder
merchant_category,fallback_imputation,,Unknown,1878,2025-10-16 15:11:03.257653,pytorch_encoder
merchant_category,fallback_imputation,,Unknown,1880,2025-10-16 15:11:03.257654,pytorch_encoder
merchant_category,fallback_imputation,,Unknown,1889,2025-10-16 15:11:03.257655,pytorch_encoder
merchant_category,fallback_imputation,,Unknown,1891,2025-10-16 15:11:03.257656,pytorch_encoder
merchant_category,fallback_imputation,,Unknown,1894,2025-10-16 15:11:03.257657,pytorch_encoder
merchant_category,fallback_imputation,,Unknown,1897,2025-10-16 15:11:03.257658,pytorch_encoder
merchant_category,fallback_imputation,,Unknown,1899,2025-10-16 15:11:03.257659,pytorch_encoder
merchant_category,fallback_imputation,,Unknown,1914,2025-10-16 15:11:03.257660,pytorch_encoder
merchant_category,fallback_imputation,,Unknown,1917,2025-10-16 15:11:03.257661,pytorch_encoder
merchant_category,fallback_imputation,,Unknown,1921,2025-10-16 15:11:03.257662,pytorch_encoder
merchant_category,fallback_imputation,,Unknown,1928,2025-10-16 15:11:03.257663,pytorch_encoder
merchant_category,fallback_imputation,,Unknown,1930,2025-10-16 15:11:03.257664,pytorch_encoder
merchant_category,fallback_imputation,,Unknown,1933,2025-10-16 15:11:03.257665,pytorch_encoder
merchant_category,fallback_imputation,,Unknown,1938,2025-10-16 15:11:03.257666,pytorch_encoder
merchant_category,fallback_imputation,,Unknown,1940,2025-10-16 15:11:03.257668,pytorch_encoder
merchant_category,fallback_imputation,,Unknown,1943,2025-10-16 15:11:03.257669,pytorch_encoder
merchant_category,fallback_imputation,,Unknown,1952,2025-10-16 15:11:03.257670,pytorch_encoder
merchant_category,fallback_imputation,,Unknown,1953,2025-10-16 15:11:03.257671,pytorch_encoder
merchant_category,fallback_imputation,,Unknown,1954,2025-10-16 15:11:03.257672,pytorch_encoder
merchant_category,fallback_imputation,,Unknown,1956,2025-10-16 15:11:03.257673,pytorch_encoder
merchant_category,fallback_imputation,,Unknown,1958,2025-10-16 15:11:03.257674,pytorch_encoder
merchant_category,fallback_imputation,,Unknown,1962,2025-10-16 15:11:03.257675,pytorch_encoder
merchant_category,fallback_imputation,,Unknown,1967,2025-10-16 15:11:03.257676,pytorch_encoder
merchant_category,fallback_imputation,,Unknown,1970,2025-10-16 15:11:03.257681,pytorch_encoder
merchant_category,fallback_imputation,,Unknown,1979,2025-10-16 15:11:03.257682,pytorch_encoder
merchant_category,fallback_imputation,,Unknown,1980,2025-10-16 15:11:03.257683,pytorch_encoder
merchant_category,fallback_imputation,,Unknown,1981,2025-10-16 15:11:03.257684,pytorch_encoder
merchant_category,fallback_imputation,,Unknown,1982,2025-10-16 15:11:03.257685,pytorch_encoder
merchant_category,fallback_imputation,,Unknown,1983,2025-10-16 15:11:03.257686,pytorch_encoder
merchant_category,fallback_imputation,,Unknown,1986,2025-10-16 15:11:03.257687,pytorch_encoder
merchant_category,fallback_imputation,,Unknown,1988,2025-10-16 15:11:03.257688,pytorch_encoder
merchant_category,fallback_imputation,,Unknown,2001,2025-10-16 15:11:03.257689,pytorch_encoder
merchant_category,fallback_imputation,,Unknown,2005,2025-10-16 15:11:03.257690,pytorch_encoder
merchant_category,fallback_imputation,,Unknown,2006,2025-10-16 15:11:03.257691,pytorch_encoder
merchant_category,fallback_imputation,,Unknown,2007,2025-10-16 15:11:03.257692,pytorch_encoder
merchant_category,fallback_imputation,,Unknown,2012,2025-10-16 15:11:03.257693,pytorch_encoder
merchant_category,fallback_imputation,,Unknown,2013,2025-10-16 15:11:03.257695,pytorch_encoder
merchant_category,fallback_imputation,,Unknown,2019,2025-10-16 15:11:03.257696,pytorch_encoder
merchant_category,fallback_imputation,,Unknown,2024,2025-10-16 15:11:03.257697,pytorch_encoder
merchant_category,fallback_imputation,,Unknown,2028,2025-10-16 15:11:03.257698,pytorch_encoder
merchant_category,fallback_imputation,,Unknown,2029,2025-10-16 15:11:03.257699,pytorch_encoder
merchant_category,fallback_imputation,,Unknown,2031,2025-10-16 15:11:03.257700,pytorch_encoder
merchant_category,fallback_imputation,,Unknown,2032,2025-10-16 15:11:03.257701,pytorch_encoder
merchant_category,fallback_imputation,,Unknown,2034,2025-10-16 15:11:03.257702,pytorch_encoder
merchant_category,fallback_imputation,,Unknown,2037,2025-10-16 15:11:03.257703,pytorch_encoder
merchant_category,fallback_imputation,,Unknown,2039,2025-10-16 15:11:03.257704,pytorch_encoder
merchant_category,fallback_imputation,,Unknown,2044,2025-10-16 15:11:03.257705,pytorch_encoder
merchant_category,fallback_imputation,,Unknown,2046,2025-10-16 15:11:03.257706,pytorch_encoder
merchant_category,fallback_imputation,,Unknown,2063,2025-10-16 15:11:03.257707,pytorch_encoder
merchant_category,fallback_imputation,,Unknown,2066,2025-10-16 15:11:03.257708,pytorch_encoder
merchant_category,fallback_imputation,,Unknown,2072,2025-10-16 15:11:03.257709,pytorch_encoder
merchant_category,fallback_imputation,,Unknown,2077,2025-10-16 15:11:03.257710,pytorch_encoder
merchant_category,fallback_imputation,,Unknown,2078,2025-10-16 15:11:03.257711,pytorch_encoder
merchant_category,fallback_imputation,,Unknown,2086,2025-10-16 15:11:03.257713,pytorch_encoder
merchant_category,fallback_imputation,,Unknown,2089,2025-10-16 15:11:03.257714,pytorch_encoder
merchant_category,fallback_imputation,,Unknown,2097,2025-10-16 15:11:03.257715,pytorch_encoder
merchant_category,fallback_imputation,,Unknown,2099,2025-10-16 15:11:03.257717,pytorch_encoder
merchant_category,fallback_imputation,,Unknown,2100,2025-10-16 15:11:03.257718,pytorch_encoder
merchant_category,fallback_imputation,,Unknown,2104,2025-10-16 15:11:03.257719,pytorch_encoder
merchant_category,fallback_imputation,,Unknown,2108,2025-10-16 15:11:03.257720,pytorch_encoder
merchant_category,fallback_imputation,,Unknown,2110,2025-10-16 15:11:03.257721,pytorch_encoder
merchant_category,fallback_imputation,,Unknown,2114,2025-10-16 15:11:03.257722,pytorch_encoder
merchant_category,fallback_imputation,,Unknown,2115,2025-10-16 15:11:03.257723,pytorch_encoder
merchant_category,fallback_imputation,,Unknown,2116,2025-10-16 15:11:03.257724,pytorch_encoder
merchant_category,fallback_imputation,,Unknown,2123,2025-10-16 15:11:03.257725,pytorch_encoder
merchant_category,fallback_imputation,,Unknown,2128,2025-10-16 15:11:03.257726,pytorch_encoder
merchant_category,fallback_imputation,,Unknown,2130,2025-10-16 15:11:03.257727,pytorch_encoder
merchant_category,fallback_imputation,,Unknown,2147,2025-10-16 15:11:03.257728,pytorch_encoder
merchant_category,fallback_imputation,,Unknown,2148,2025-10-16 15:11:03.257729,pytorch_encoder
merchant_category,fallback_imputation,,Unknown,2152,2025-10-16 15:11:03.257730,pytorch_encoder
merchant_category,fallback_imputation,,Unknown,2153,2025-10-16 15:11:03.257731,pytorch_encoder
merchant_category,fallback_imputation,,Unknown,2155,2025-10-16 15:11:03.257732,pytorch_encoder
merchant_category,fallback_imputation,,Unknown,2162,2025-10-16 15:11:03.257733,pytorch_encoder
merchant_category,fallback_imputation,,Unknown,2164,2025-10-16 15:11:03.257734,pytorch_encoder
merchant_category,fallback_imputation,,Unknown,2167,2025-10-16 15:11:03.257735,pytorch_encoder
merchant_category,fallback_imputation,,Unknown,2168,2025-10-16 15:11:03.257736,pytorch_encoder
merchant_category,fallback_imputation,,Unknown,2169,2025-10-16 15:11:03.257738,pytorch_encoder
merchant_category,fallback_imputation,,Unknown,2178,2025-10-16 15:11:03.257740,pytorch_encoder
merchant_category,fallback_imputation,,Unknown,2186,2025-10-16 15:11:03.257759,pytorch_encoder
merchant_category,fallback_imputation,,Unknown,2188,2025-10-16 15:11:03.257761,pytorch_encoder
merchant_category,fallback_imputation,,Unknown,2193,2025-10-16 15:11:03.257762,pytorch_encoder
merchant_category,fallback_imputation,,Unknown,2197,2025-10-16 15:11:03.257763,pytorch_encoder
merchant_category,fallback_imputation,,Unknown,2199,2025-10-16 15:11:03.257764,pytorch_encoder
merchant_category,fallback_imputation,,Unknown,2200,2025-10-16 15:11:03.257765,pytorch_encoder
merchant_category,fallback_imputation,,Unknown,2203,2025-10-16 15:11:03.257766,pytorch_encoder
merchant_category,fallback_imputation,,Unknown,2207,2025-10-16 15:11:03.257767,pytorch_encoder
merchant_category,fallback_imputation,,Unknown,2210,2025-10-16 15:11:03.257768,pytorch_encoder
merchant_category,fallback_imputation,,Unknown,2216,2025-10-16 15:11:03.257769,pytorch_encoder
merchant_category,fallback_imputation,,Unknown,2220,2025-10-16 15:11:03.257770,pytorch_encoder
merchant_category,fallback_imputation,,Unknown,2226,2025-10-16 15:11:03.257771,pytorch_encoder
merchant_category,fallback_imputation,,Unknown,2233,2025-10-16 15:11:03.257772,pytorch_encoder
merchant_category,fallback_imputation,,Unknown,2235,2025-10-16 15:11:03.257773,pytorch_encoder
merchant_category,fallback_imputation,,Unknown,2236,2025-10-16 15:11:03.257774,pytorch_encoder
merchant_category,fallback_imputation,,Unknown,2237,2025-10-16 15:11:03.257775,pytorch_encoder
merchant_category,fallback_imputation,,Unknown,2239,2025-10-16 15:11:03.257776,pytorch_encoder
merchant_category,fallback_imputation,,Unknown,2242,2025-10-16 15:11:03.257777,pytorch_encoder
merchant_category,fallback_imputation,,Unknown,2256,2025-10-16 15:11:03.257778,pytorch_encoder
merchant_category,fallback_imputation,,Unknown,2264,2025-10-16 15:11:03.257779,pytorch_encoder
merchant_category,fallback_imputation,,Unknown,2268,2025-10-16 15:11:03.257780,pytorch_encoder
merchant_category,fallback_imputation,,Unknown,2269,2025-10-16 15:11:03.257781,pytorch_encoder
merchant_category,fallback_imputation,,Unknown,2272,2025-10-16 15:11:03.257782,pytorch_encoder
merchant_category,fallback_imputation,,Unknown,2274,2025-10-16 15:11:03.257783,pytorch_encoder
merchant_category,fallback_imputation,,Unknown,2275,2025-10-16 15:11:03.257784,pytorch_encoder
merchant_category,fallback_imputation,,Unknown,2284,2025-10-16 15:11:03.257785,pytorch_encoder
merchant_category,fallback_imputation,,Unknown,2285,2025-10-16 15:11:03.257786,pytorch_encoder
merchant_category,fallback_imputation,,Unknown,2287,2025-10-16 15:11:03.257787,pytorch_encoder
merchant_category,fallback_imputation,,Unknown,2293,2025-10-16 15:11:03.257788,pytorch_encoder
merchant_category,fallback_imputation,,Unknown,2296,2025-10-16 15:11:03.257789,pytorch_encoder
merchant_category,fallback_imputation,,Unknown,2307,2025-10-16 15:11:03.257790,pytorch_encoder
merchant_category,fallback_imputation,,Unknown,2308,2025-10-16 15:11:03.257791,pytorch_encoder
merchant_category,fallback_imputation,,Unknown,2317,2025-10-16 15:11:03.257792,pytorch_encoder
merchant_category,fallback_imputation,,Unknown,2319,2025-10-16 15:11:03.257794,pytorch_encoder
merchant_category,fallback_imputation,,Unknown,2320,2025-10-16 15:11:03.257795,pytorch_encoder
merchant_category,fallback_imputation,,Unknown,2321,2025-10-16 15:11:03.257796,pytorch_encoder
merchant_category,fallback_imputation,,Unknown,2325,2025-10-16 15:11:03.257798,pytorch_encoder
merchant_category,fallback_imputation,,Unknown,2326,2025-10-16 15:11:03.257799,pytorch_encoder
merchant_category,fallback_imputation,,Unknown,2332,2025-10-16 15:11:03.257800,pytorch_encoder
merchant_category,fallback_imputation,,Unknown,2336,2025-10-16 15:11:03.257801,pytorch_encoder
merchant_category,fallback_imputation,,Unknown,2344,2025-10-16 15:11:03.257802,pytorch_encoder
merchant_category,fallback_imputation,,Unknown,2350,2025-10-16 15:11:03.257803,pytorch_encoder
merchant_category,fallback_imputation,,Unknown,2360,2025-10-16 15:11:03.257804,pytorch_encoder
merchant_category,fallback_imputation,,Unknown,2361,2025-10-16 15:11:03.257805,pytorch_encoder
merchant_category,fallback_imputation,,Unknown,2371,2025-10-16 15:11:03.257806,pytorch_encoder
merchant_category,fallback_imputation,,Unknown,2373,2025-10-16 15:11:03.257807,pytorch_encoder
merchant_category,fallback_imputation,,Unknown,2375,2025-10-16 15:11:03.257808,pytorch_encoder
merchant_category,fallback_imputation,,Unknown,2380,2025-10-16 15:11:03.257809,pytorch_encoder
merchant_category,fallback_imputation,,Unknown,2381,2025-10-16 15:11:03.257810,pytorch_encoder
merchant_category,fallback_imputation,,Unknown,2383,2025-10-16 15:11:03.257811,pytorch_encoder
merchant_category,fallback_imputation,,Unknown,2385,2025-10-16 15:11:03.257812,pytorch_encoder
merchant_category,fallback_imputation,,Unknown,2388,2025-10-16 15:11:03.257814,pytorch_encoder
merchant_category,fallback_imputation,,Unknown,2391,2025-10-16 15:11:03.257815,pytorch_encoder
merchant_category,fallback_imputation,,Unknown,2394,2025-10-16 15:11:03.257816,pytorch_encoder
merchant_category,fallback_imputation,,Unknown,2402,2025-10-16 15:11:03.257817,pytorch_encoder
merchant_category,fallback_imputation,,Unknown,2403,2025-10-16 15:11:03.257818,pytorch_encoder
merchant_category,fallback_imputation,,Unknown,2404,2025-10-16 15:11:03.257819,pytorch_encoder
merchant_category,fallback_imputation,,Unknown,2405,2025-10-16 15:11:03.257820,pytorch_encoder
merchant_category,fallback_imputation,,Unknown,2410,2025-10-16 15:11:03.257821,pytorch_encoder
merchant_category,fallback_imputation,,Unknown,2411,2025-10-16 15:11:03.257822,pytorch_encoder
merchant_category,fallback_imputation,,Unknown,2413,2025-10-16 15:11:03.257823,pytorch_encoder
merchant_category,fallback_imputation,,Unknown,2417,2025-10-16 15:11:03.257824,pytorch_encoder
merchant_category,fallback_imputation,,Unknown,2424,2025-10-16 15:11:03.257826,pytorch_encoder
merchant_category,fallback_imputation,,Unknown,2430,2025-10-16 15:11:03.257827,pytorch_encoder
merchant_category,fallback_imputation,,Unknown,2436,2025-10-16 15:11:03.257828,pytorch_encoder
merchant_category,fallback_imputation,,Unknown,2442,2025-10-16 15:11:03.257829,pytorch_encoder
merchant_category,fallback_imputation,,Unknown,2445,2025-10-16 15:11:03.257830,pytorch_encoder
merchant_category,fallback_imputation,,Unknown,2448,2025-10-16 15:11:03.257831,pytorch_encoder
merchant_category,fallback_imputation,,Unknown,2449,2025-10-16 15:11:03.257832,pytorch_encoder
merchant_category,fallback_imputation,,Unknown,2451,2025-10-16 15:11:03.257833,pytorch_encoder
merchant_category,fallback_imputation,,Unknown,2453,2025-10-16 15:11:03.257834,pytorch_encoder
merchant_category,fallback_imputation,,Unknown,2455,2025-10-16 15:11:03.257835,pytorch_encoder
merchant_category,fallback_imputation,,Unknown,2457,2025-10-16 15:11:03.257836,pytorch_encoder
merchant_category,fallback_imputation,,Unknown,2461,2025-10-16 15:11:03.257837,pytorch_encoder
merchant_category,fallback_imputation,,Unknown,2462,2025-10-16 15:11:03.257838,pytorch_encoder
merchant_category,fallback_imputation,,Unknown,2465,2025-10-16 15:11:03.257839,pytorch_encoder
merchant_category,fallback_imputation,,Unknown,2476,2025-10-16 15:11:03.257840,pytorch_encoder
merchant_category,fallback_imputation,,Unknown,2484,2025-10-16 15:11:03.257842,pytorch_encoder
merchant_category,fallback_imputation,,Unknown,2489,2025-10-16 15:11:03.257843,pytorch_encoder
merchant_category,fallback_imputation,,Unknown,2493,2025-10-16 15:11:03.257844,pytorch_encoder
merchant_category,fallback_imputation,,Unknown,2498,2025-10-16 15:11:03.257845,pytorch_encoder
merchant_category,fallback_imputation,,Unknown,2499,2025-10-16 15:11:03.257846,pytorch_encoder
merchant_category,fallback_imputation,,Unknown,2505,2025-10-16 15:11:03.257847,pytorch_encoder
merchant_category,fallback_imputation,,Unknown,2508,2025-10-16 15:11:03.257848,pytorch_encoder
merchant_category,fallback_imputation,,Unknown,2509,2025-10-16 15:11:03.257849,pytorch_encoder
merchant_category,fallback_imputation,,Unknown,2510,2025-10-16 15:11:03.257850,pytorch_encoder
merchant_category,fallback_imputation,,Unknown,2520,2025-10-16 15:11:03.257851,pytorch_encoder
merchant_category,fallback_imputation,,Unknown,2529,2025-10-16 15:11:03.257852,pytorch_encoder
merchant_category,fallback_imputation,,Unknown,2533,2025-10-16 15:11:03.257853,pytorch_encoder
merchant_category,fallback_imputation,,Unknown,2535,2025-10-16 15:11:03.257854,pytorch_encoder
merchant_category,fallback_imputation,,Unknown,2537,2025-10-16 15:11:03.257855,pytorch_encoder
merchant_category,fallback_imputation,,Unknown,2539,2025-10-16 15:11:03.257856,pytorch_encoder
merchant_category,fallback_imputation,,Unknown,2542,2025-10-16 15:11:03.257857,pytorch_encoder
merchant_category,fallback_imputation,,Unknown,2546,2025-10-16 15:11:03.257858,pytorch_encoder
merchant_category,fallback_imputation,,Unknown,2552,2025-10-16 15:11:03.257859,pytorch_encoder
merchant_category,fallback_imputation,,Unknown,2554,2025-10-16 15:11:03.257860,pytorch_encoder
merchant_category,fallback_imputation,,Unknown,2562,2025-10-16 15:11:03.257861,pytorch_encoder
merchant_category,fallback_imputation,,Unknown,2569,2025-10-16 15:11:03.257862,pytorch_encoder
merchant_category,fallback_imputation,,Unknown,2572,2025-10-16 15:11:03.257863,pytorch_encoder
merchant_category,fallback_imputation,,Unknown,2573,2025-10-16 15:11:03.257864,pytorch_encoder
merchant_category,fallback_imputation,,Unknown,2583,2025-10-16 15:11:03.257865,pytorch_encoder
merchant_category,fallback_imputation,,Unknown,2584,2025-10-16 15:11:03.257867,pytorch_encoder
merchant_category,fallback_imputation,,Unknown,2591,2025-10-16 15:11:03.257869,pytorch_encoder
merchant_category,fallback_imputation,,Unknown,2593,2025-10-16 15:11:03.257870,pytorch_encoder
merchant_category,fallback_imputation,,Unknown,2602,2025-10-16 15:11:03.257871,pytorch_encoder
merchant_category,fallback_imputation,,Unknown,2603,2025-10-16 15:11:03.257872,pytorch_encoder
merchant_category,fallback_imputation,,Unknown,2607,2025-10-16 15:11:03.257873,pytorch_encoder
merchant_category,fallback_imputation,,Unknown,2608,2025-10-16 15:11:03.257874,pytorch_encoder
merchant_category,fallback_imputation,,Unknown,2609,2025-10-16 15:11:03.257875,pytorch_encoder
merchant_category,fallback_imputation,,Unknown,2617,2025-10-16 15:11:03.257876,pytorch_encoder
merchant_category,fallback_imputation,,Unknown,2618,2025-10-16 15:11:03.257877,pytorch_encoder
merchant_category,fallback_imputation,,Unknown,2622,2025-10-16 15:11:03.257881,pytorch_encoder
merchant_category,fallback_imputation,,Unknown,2629,2025-10-16 15:11:03.257882,pytorch_encoder
merchant_category,fallback_imputation,,Unknown,2635,2025-10-16 15:11:03.257883,pytorch_encoder
merchant_category,fallback_imputation,,Unknown,2636,2025-10-16 15:11:03.257884,pytorch_encoder
merchant_category,fallback_imputation,,Unknown,2638,2025-10-16 15:11:03.257885,pytorch_encoder
merchant_category,fallback_imputation,,Unknown,2644,2025-10-16 15:11:03.257886,pytorch_encoder
merchant_category,fallback_imputation,,Unknown,2645,2025-10-16 15:11:03.257887,pytorch_encoder
merchant_category,fallback_imputation,,Unknown,2652,2025-10-16 15:11:03.257888,pytorch_encoder
merchant_category,fallback_imputation,,Unknown,2653,2025-10-16 15:11:03.257889,pytorch_encoder
merchant_category,fallback_imputation,,Unknown,2655,2025-10-16 15:11:03.257890,pytorch_encoder
merchant_category,fallback_imputation,,Unknown,2656,2025-10-16 15:11:03.257891,pytorch_encoder
merchant_category,fallback_imputation,,Unknown,2659,2025-10-16 15:11:03.257893,pytorch_encoder
merchant_category,fallback_imputation,,Unknown,2660,2025-10-16 15:11:03.257894,pytorch_encoder
merchant_category,fallback_imputation,,Unknown,2663,2025-10-16 15:11:03.257895,pytorch_encoder
merchant_category,fallback_imputation,,Unknown,2664,2025-10-16 15:11:03.257896,pytorch_encoder
merchant_category,fallback_imputation,,Unknown,2667,2025-10-16 15:11:03.257897,pytorch_encoder
merchant_category,fallback_imputation,,Unknown,2668,2025-10-16 15:11:03.257899,pytorch_encoder
merchant_category,fallback_imputation,,Unknown,2670,2025-10-16 15:11:03.257900,pytorch_encoder
merchant_category,fallback_imputation,,Unknown,2678,2025-10-16 15:11:03.257901,pytorch_encoder
merchant_category,fallback_imputation,,Unknown,2680,2025-10-16 15:11:03.257902,pytorch_encoder
merchant_category,fallback_imputation,,Unknown,2684,2025-10-16 15:11:03.257903,pytorch_encoder
merchant_category,fallback_imputation,,Unknown,2685,2025-10-16 15:11:03.257904,pytorch_encoder
merchant_category,fallback_imputation,,Unknown,2698,2025-10-16 15:11:03.257905,pytorch_encoder
merchant_category,fallback_imputation,,Unknown,2703,2025-10-16 15:11:03.257906,pytorch_encoder
merchant_category,fallback_imputation,,Unknown,2706,2025-10-16 15:11:03.257907,pytorch_encoder
merchant_category,fallback_imputation,,Unknown,2710,2025-10-16 15:11:03.257908,pytorch_encoder
merchant_category,fallback_imputation,,Unknown,2714,2025-10-16 15:11:03.257909,pytorch_encoder
merchant_category,fallback_imputation,,Unknown,2715,2025-10-16 15:11:03.257910,pytorch_encoder
merchant_category,fallback_imputation,,Unknown,2720,2025-10-16 15:11:03.257911,pytorch_encoder
merchant_category,fallback_imputation,,Unknown,2722,2025-10-16 15:11:03.257912,pytorch_encoder
merchant_category,fallback_imputation,,Unknown,2723,2025-10-16 15:11:03.257913,pytorch_encoder
merchant_category,fallback_imputation,,Unknown,2724,2025-10-16 15:11:03.257914,pytorch_encoder
merchant_category,fallback_imputation,,Unknown,2728,2025-10-16 15:11:03.257915,pytorch_encoder
merchant_category,fallback_imputation,,Unknown,2732,2025-10-16 15:11:03.257916,pytorch_encoder
merchant_category,fallback_imputation,,Unknown,2741,2025-10-16 15:11:03.257917,pytorch_encoder
merchant_category,fallback_imputation,,Unknown,2742,2025-10-16 15:11:03.257919,pytorch_encoder
merchant_category,fallback_imputation,,Unknown,2743,2025-10-16 15:11:03.257920,pytorch_encoder
merchant_category,fallback_imputation,,Unknown,2745,2025-10-16 15:11:03.257921,pytorch_encoder
merchant_category,fallback_imputation,,Unknown,2746,2025-10-16 15:11:03.257922,pytorch_encoder
merchant_category,fallback_imputation,,Unknown,2752,2025-10-16 15:11:03.257923,pytorch_encoder
merchant_category,fallback_imputation,,Unknown,2754,2025-10-16 15:11:03.257924,pytorch_encoder
merchant_category,fallback_imputation,,Unknown,2756,2025-10-16 15:11:03.257925,pytorch_encoder
merchant_category,fallback_imputation,,Unknown,2757,2025-10-16 15:11:03.257927,pytorch_encoder
merchant_category,fallback_imputation,,Unknown,2758,2025-10-16 15:11:03.257928,pytorch_encoder
merchant_category,fallback_imputation,,Unknown,2759,2025-10-16 15:11:03.257929,pytorch_encoder
merchant_category,fallback_imputation,,Unknown,2762,2025-10-16 15:11:03.257930,pytorch_encoder
merchant_category,fallback_imputation,,Unknown,2764,2025-10-16 15:11:03.257931,pytorch_encoder
merchant_category,fallback_imputation,,Unknown,2765,2025-10-16 15:11:03.257932,pytorch_encoder
merchant_category,fallback_imputation,,Unknown,2771,2025-10-16 15:11:03.257933,pytorch_encoder
merchant_category,fallback_imputation,,Unknown,2777,2025-10-16 15:11:03.257934,pytorch_encoder
merchant_category,fallback_imputation,,Unknown,2781,2025-10-16 15:11:03.257935,pytorch_encoder
merchant_category,fallback_imputation,,Unknown,2782,2025-10-16 15:11:03.257936,pytorch_encoder
merchant_category,fallback_imputation,,Unknown,2790,2025-10-16 15:11:03.257937,pytorch_encoder
merchant_category,fallback_imputation,,Unknown,2793,2025-10-16 15:11:03.257938,pytorch_encoder
merchant_category,fallback_imputation,,Unknown,2795,2025-10-16 15:11:03.257939,pytorch_encoder
merchant_category,fallback_imputation,,Unknown,2801,2025-10-16 15:11:03.257941,pytorch_encoder
merchant_category,fallback_imputation,,Unknown,2803,2025-10-16 15:11:03.257942,pytorch_encoder
merchant_category,fallback_imputation,,Unknown,2805,2025-10-16 15:11:03.257943,pytorch_encoder
merchant_category,fallback_imputation,,Unknown,2806,2025-10-16 15:11:03.257944,pytorch_encoder
merchant_category,fallback_imputation,,Unknown,2813,2025-10-16 15:11:03.257945,pytorch_encoder
merchant_category,fallback_imputation,,Unknown,2820,2025-10-16 15:11:03.257946,pytorch_encoder
merchant_category,fallback_imputation,,Unknown,2825,2025-10-16 15:11:03.257947,pytorch_encoder
merchant_category,fallback_imputation,,Unknown,2827,2025-10-16 15:11:03.257948,pytorch_encoder
merchant_category,fallback_imputation,,Unknown,2829,2025-10-16 15:11:03.257949,pytorch_encoder
merchant_category,fallback_imputation,,Unknown,2832,2025-10-16 15:11:03.257950,pytorch_encoder
merchant_category,fallback_imputation,,Unknown,2837,2025-10-16 15:11:03.257951,pytorch_encoder
merchant_category,fallback_imputation,,Unknown,2840,2025-10-16 15:11:03.257952,pytorch_encoder
merchant_category,fallback_imputation,,Unknown,2842,2025-10-16 15:11:03.257953,pytorch_encoder
merchant_category,fallback_imputation,,Unknown,2845,2025-10-16 15:11:03.257954,pytorch_encoder
merchant_category,fallback_imputation,,Unknown,2851,2025-10-16 15:11:03.257955,pytorch_encoder
merchant_category,fallback_imputation,,Unknown,2853,2025-10-16 15:11:03.257956,pytorch_encoder
merchant_category,fallback_imputation,,Unknown,2886,2025-10-16 15:11:03.257957,pytorch_encoder
merchant_category,fallback_imputation,,Unknown,2897,2025-10-16 15:11:03.257958,pytorch_encoder
merchant_category,fallback_imputation,,Unknown,2898,2025-10-16 15:11:03.257960,pytorch_encoder
merchant_category,fallback_imputation,,Unknown,2902,2025-10-16 15:11:03.257962,pytorch_encoder
merchant_category,fallback_imputation,,Unknown,2903,2025-10-16 15:11:03.257963,pytorch_encoder
merchant_category,fallback_imputation,,Unknown,2910,2025-10-16 15:11:03.257964,pytorch_encoder
merchant_category,fallback_imputation,,Unknown,2913,2025-10-16 15:11:03.257965,pytorch_encoder
merchant_category,fallback_imputation,,Unknown,2916,2025-10-16 15:11:03.257966,pytorch_encoder
merchant_category,fallback_imputation,,Unknown,2919,2025-10-16 15:11:03.257967,pytorch_encoder
merchant_category,fallback_imputation,,Unknown,2920,2025-10-16 15:11:03.257968,pytorch_encoder
merchant_category,fallback_imputation,,Unknown,2934,2025-10-16 15:11:03.257969,pytorch_encoder
merchant_category,fallback_imputation,,Unknown,2957,2025-10-16 15:11:03.257970,pytorch_encoder
merchant_category,fallback_imputation,,Unknown,2963,2025-10-16 15:11:03.257971,pytorch_encoder
merchant_category,fallback_imputation,,Unknown,2968,2025-10-16 15:11:03.257972,pytorch_encoder
merchant_category,fallback_imputation,,Unknown,2969,2025-10-16 15:11:03.257973,pytorch_encoder
merchant_category,fallback_imputation,,Unknown,2970,2025-10-16 15:11:03.257974,pytorch_encoder
merchant_category,fallback_imputation,,Unknown,2972,2025-10-16 15:11:03.257975,pytorch_encoder
merchant_category,fallback_imputation,,Unknown,2973,2025-10-16 15:11:03.257976,pytorch_encoder
merchant_category,fallback_imputation,,Unknown,2974,2025-10-16 15:11:03.257977,pytorch_encoder
merchant_category,fallback_imputation,,Unknown,2975,2025-10-16 15:11:03.257979,pytorch_encoder
merchant_category,fallback_imputation,,Unknown,2981,2025-10-16 15:11:03.257980,pytorch_encoder
merchant_category,fallback_imputation,,Unknown,2984,2025-10-16 15:11:03.257981,pytorch_encoder
merchant_category,fallback_imputation,,Unknown,3000,2025-10-16 15:11:03.257982,pytorch_encoder
merchant_category,fallback_imputation,,Unknown,3002,2025-10-16 15:11:03.257983,pytorch_encoder
merchant_category,fallback_imputation,,Unknown,3007,2025-10-16 15:11:03.257984,pytorch_encoder
merchant_category,fallback_imputation,,Unknown,3013,2025-10-16 15:11:03.257985,pytorch_encoder
merchant_category,fallback_imputation,,Unknown,3025,2025-10-16 15:11:03.257986,pytorch_encoder
merchant_category,fallback_imputation,,Unknown,3036,2025-10-16 15:11:03.257987,pytorch_encoder
merchant_category,fallback_imputation,,Unknown,3037,2025-10-16 15:11:03.257988,pytorch_encoder
merchant_category,fallback_imputation,,Unknown,3040,2025-10-16 15:11:03.257989,pytorch_encoder
merchant_category,fallback_imputation,,Unknown,3041,2025-10-16 15:11:03.257990,pytorch_encoder
merchant_category,fallback_imputation,,Unknown,3044,2025-10-16 15:11:03.257991,pytorch_encoder
merchant_category,fallback_imputation,,Unknown,3049,2025-10-16 15:11:03.257992,pytorch_encoder
merchant_category,fallback_imputation,,Unknown,3051,2025-10-16 15:11:03.257993,pytorch_encoder
merchant_category,fallback_imputation,,Unknown,3055,2025-10-16 15:11:03.257994,pytorch_encoder
merchant_category,fallback_imputation,,Unknown,3071,2025-10-16 15:11:03.257995,pytorch_encoder
merchant_category,fallback_imputation,,Unknown,3073,2025-10-16 15:11:03.257997,pytorch_encoder
merchant_category,fallback_imputation,,Unknown,3076,2025-10-16 15:11:03.257998,pytorch_encoder
merchant_category,fallback_imputation,,Unknown,3081,2025-10-16 15:11:03.257999,pytorch_encoder
merchant_category,fallback_imputation,,Unknown,3083,2025-10-16 15:11:03.258001,pytorch_encoder
merchant_category,fallback_imputation,,Unknown,3084,2025-10-16 15:11:03.258002,pytorch_encoder
merchant_category,fallback_imputation,,Unknown,3085,2025-10-16 15:11:03.258003,pytorch_encoder
merchant_category,fallback_imputation,,Unknown,3090,2025-10-16 15:11:03.258004,pytorch_encoder
merchant_category,fallback_imputation,,Unknown,3096,2025-10-16 15:11:03.258005,pytorch_encoder
merchant_category,fallback_imputation,,Unknown,3097,2025-10-16 15:11:03.258006,pytorch_encoder
merchant_category,fallback_imputation,,Unknown,3108,2025-10-16 15:11:03.258007,pytorch_encoder
merchant_category,fallback_imputation,,Unknown,3111,2025-10-16 15:11:03.258008,pytorch_encoder
merchant_category,fallback_imputation,,Unknown,3114,2025-10-16 15:11:03.258009,pytorch_encoder
merchant_category,fallback_imputation,,Unknown,3127,2025-10-16 15:11:03.258010,pytorch_encoder
merchant_category,fallback_imputation,,Unknown,3130,2025-10-16 15:11:03.258011,pytorch_encoder
merchant_category,fallback_imputation,,Unknown,3131,2025-10-16 15:11:03.258012,pytorch_encoder
merchant_category,fallback_imputation,,Unknown,3136,2025-10-16 15:11:03.258013,pytorch_encoder
merchant_category,fallback_imputation,,Unknown,3137,2025-10-16 15:11:03.258014,pytorch_encoder
merchant_category,fallback_imputation,,Unknown,3139,2025-10-16 15:11:03.258015,pytorch_encoder
merchant_category,fallback_imputation,,Unknown,3147,2025-10-16 15:11:03.258016,pytorch_encoder
merchant_category,fallback_imputation,,Unknown,3150,2025-10-16 15:11:03.258017,pytorch_encoder
merchant_category,fallback_imputation,,Unknown,3152,2025-10-16 15:11:03.258018,pytorch_encoder
merchant_category,fallback_imputation,,Unknown,3157,2025-10-16 15:11:03.258019,pytorch_encoder
merchant_category,fallback_imputation,,Unknown,3159,2025-10-16 15:11:03.258020,pytorch_encoder
merchant_category,fallback_imputation,,Unknown,3162,2025-10-16 15:11:03.258021,pytorch_encoder
merchant_category,fallback_imputation,,Unknown,3163,2025-10-16 15:11:03.258022,pytorch_encoder
merchant_category,fallback_imputation,,Unknown,3166,2025-10-16 15:11:03.258024,pytorch_encoder
merchant_category,fallback_imputation,,Unknown,3167,2025-10-16 15:11:03.258026,pytorch_encoder
merchant_category,fallback_imputation,,Unknown,3169,2025-10-16 15:11:03.258027,pytorch_encoder
merchant_category,fallback_imputation,,Unknown,3170,2025-10-16 15:11:03.258028,pytorch_encoder
merchant_category,fallback_imputation,,Unknown,3177,2025-10-16 15:11:03.258029,pytorch_encoder
merchant_category,fallback_imputation,,Unknown,3181,2025-10-16 15:11:03.258030,pytorch_encoder
merchant_category,fallback_imputation,,Unknown,3185,2025-10-16 15:11:03.258031,pytorch_encoder
merchant_category,fallback_imputation,,Unknown,3190,2025-10-16 15:11:03.258032,pytorch_encoder
merchant_category,fallback_imputation,,Unknown,3195,2025-10-16 15:11:03.258033,pytorch_encoder
merchant_category,fallback_imputation,,Unknown,3196,2025-10-16 15:11:03.258034,pytorch_encoder
merchant_category,fallback_imputation,,Unknown,3198,2025-10-16 15:11:03.258035,pytorch_encoder
merchant_category,fallback_imputation,,Unknown,3201,2025-10-16 15:11:03.258036,pytorch_encoder
merchant_category,fallback_imputation,,Unknown,3202,2025-10-16 15:11:03.258037,pytorch_encoder
merchant_category,fallback_imputation,,Unknown,3204,2025-10-16 15:11:03.258038,pytorch_encoder
merchant_category,fallback_imputation,,Unknown,3205,2025-10-16 15:11:03.258039,pytorch_encoder
merchant_category,fallback_imputation,,Unknown,3208,2025-10-16 15:11:03.258040,pytorch_encoder
merchant_category,fallback_imputation,,Unknown,3216,2025-10-16 15:11:03.258041,pytorch_encoder
merchant_category,fallback_imputation,,Unknown,3217,2025-10-16 15:11:03.258042,pytorch_encoder
merchant_category,fallback_imputation,,Unknown,3222,2025-10-16 15:11:03.258044,pytorch_encoder
merchant_category,fallback_imputation,,Unknown,3224,2025-10-16 15:11:03.258045,pytorch_encoder
merchant_category,fallback_imputation,,Unknown,3227,2025-10-16 15:11:03.258046,pytorch_encoder
merchant_category,fallback_imputation,,Unknown,3229,2025-10-16 15:11:03.258047,pytorch_encoder
merchant_category,fallback_imputation,,Unknown,3239,2025-10-16 15:11:03.258048,pytorch_encoder
merchant_category,fallback_imputation,,Unknown,3242,2025-10-16 15:11:03.258049,pytorch_encoder
merchant_category,fallback_imputation,,Unknown,3243,2025-10-16 15:11:03.258050,pytorch_encoder
merchant_category,fallback_imputation,,Unknown,3247,2025-10-16 15:11:03.258051,pytorch_encoder
merchant_category,fallback_imputation,,Unknown,3249,2025-10-16 15:11:03.258052,pytorch_encoder
merchant_category,fallback_imputation,,Unknown,3250,2025-10-16 15:11:03.258053,pytorch_encoder
merchant_category,fallback_imputation,,Unknown,3252,2025-10-16 15:11:03.258054,pytorch_encoder
merchant_category,fallback_imputation,,Unknown,3257,2025-10-16 15:11:03.258055,pytorch_encoder
merchant_category,fallback_imputation,,Unknown,3258,2025-10-16 15:11:03.258056,pytorch_encoder
merchant_category,fallback_imputation,,Unknown,3259,2025-10-16 15:11:03.258057,pytorch_encoder
merchant_category,fallback_imputation,,Unknown,3264,2025-10-16 15:11:03.258058,pytorch_encoder
merchant_category,fallback_imputation,,Unknown,3269,2025-10-16 15:11:03.258059,pytorch_encoder
merchant_category,fallback_imputation,,Unknown,3271,2025-10-16 15:11:03.258061,pytorch_encoder
merchant_category,fallback_imputation,,Unknown,3274,2025-10-16 15:11:03.258062,pytorch_encoder
merchant_category,fallback_imputation,,Unknown,3277,2025-10-16 15:11:03.258063,pytorch_encoder
merchant_category,fallback_imputation,,Unknown,3281,2025-10-16 15:11:03.258064,pytorch_encoder
merchant_category,fallback_imputation,,Unknown,3285,2025-10-16 15:11:03.258065,pytorch_encoder
merchant_category,fallback_imputation,,Unknown,3286,2025-10-16 15:11:03.258066,pytorch_encoder
merchant_category,fallback_imputation,,Unknown,3289,2025-10-16 15:11:03.258067,pytorch_encoder
merchant_category,fallback_imputation,,Unknown,3293,2025-10-16 15:11:03.258068,pytorch_encoder
merchant_category,fallback_imputation,,Unknown,3297,2025-10-16 15:11:03.258069,pytorch_encoder
merchant_category,fallback_imputation,,Unknown,3302,2025-10-16 15:11:03.258071,pytorch_encoder
merchant_category,fallback_imputation,,Unknown,3304,2025-10-16 15:11:03.258072,pytorch_encoder
merchant_category,fallback_imputation,,Unknown,3305,2025-10-16 15:11:03.258073,pytorch_encoder
merchant_category,fallback_imputation,,Unknown,3314,2025-10-16 15:11:03.258074,pytorch_encoder
merchant_category,fallback_imputation,,Unknown,3318,2025-10-16 15:11:03.258075,pytorch_encoder
merchant_category,fallback_imputation,,Unknown,3320,2025-10-16 15:11:03.258076,pytorch_encoder
merchant_category,fallback_imputation,,Unknown,3325,2025-10-16 15:11:03.258077,pytorch_encoder
merchant_category,fallback_imputation,,Unknown,3330,2025-10-16 15:11:03.258078,pytorch_encoder
merchant_category,fallback_imputation,,Unknown,3331,2025-10-16 15:11:03.258079,pytorch_encoder
merchant_category,fallback_imputation,,Unknown,3338,2025-10-16 15:11:03.258080,pytorch_encoder
merchant_category,fallback_imputation,,Unknown,3339,2025-10-16 15:11:03.258081,pytorch_encoder
merchant_category,fallback_imputation,,Unknown,3349,2025-10-16 15:11:03.258082,pytorch_encoder
merchant_category,fallback_imputation,,Unknown,3354,2025-10-16 15:11:03.258083,pytorch_encoder
merchant_category,fallback_imputation,,Unknown,3360,2025-10-16 15:11:03.258084,pytorch_encoder
merchant_category,fallback_imputation,,Unknown,3361,2025-10-16 15:11:03.258085,pytorch_encoder
merchant_category,fallback_imputation,,Unknown,3362,2025-10-16 15:11:03.258086,pytorch_encoder
merchant_category,fallback_imputation,,Unknown,3366,2025-10-16 15:11:03.258087,pytorch_encoder
merchant_category,fallback_imputation,,Unknown,3368,2025-10-16 15:11:03.258088,pytorch_encoder
merchant_category,fallback_imputation,,Unknown,3374,2025-10-16 15:11:03.258090,pytorch_encoder
merchant_category,fallback_imputation,,Unknown,3375,2025-10-16 15:11:03.258091,pytorch_encoder
merchant_category,fallback_imputation,,Unknown,3376,2025-10-16 15:11:03.258092,pytorch_encoder
merchant_category,fallback_imputation,,Unknown,3377,2025-10-16 15:11:03.258093,pytorch_encoder
merchant_category,fallback_imputation,,Unknown,3380,2025-10-16 15:11:03.258095,pytorch_encoder
merchant_category,fallback_imputation,,Unknown,3383,2025-10-16 15:11:03.258096,pytorch_encoder
merchant_category,fallback_imputation,,Unknown,3390,2025-10-16 15:11:03.258097,pytorch_encoder
merchant_category,fallback_imputation,,Unknown,3396,2025-10-16 15:11:03.258098,pytorch_encoder
merchant_category,fallback_imputation,,Unknown,3397,2025-10-16 15:11:03.258099,pytorch_encoder
merchant_category,fallback_imputation,,Unknown,3400,2025-10-16 15:11:03.258100,pytorch_encoder
merchant_category,fallback_imputation,,Unknown,3406,2025-10-16 15:11:03.258101,pytorch_encoder
merchant_category,fallback_imputation,,Unknown,3413,2025-10-16 15:11:03.258102,pytorch_encoder
merchant_category,fallback_imputation,,Unknown,3414,2025-10-16 15:11:03.258104,pytorch_encoder
merchant_category,fallback_imputation,,Unknown,3416,2025-10-16 15:11:03.258105,pytorch_encoder
merchant_category,fallback_imputation,,Unknown,3419,2025-10-16 15:11:03.258106,pytorch_encoder
merchant_category,fallback_imputation,,Unknown,3423,2025-10-16 15:11:03.258107,pytorch_encoder
merchant_category,fallback_imputation,,Unknown,3432,2025-10-16 15:11:03.258108,pytorch_encoder
merchant_category,fallback_imputation,,Unknown,3436,2025-10-16 15:11:03.258109,pytorch_encoder
merchant_category,fallback_imputation,,Unknown,3439,2025-10-16 15:11:03.258110,pytorch_encoder
merchant_category,fallback_imputation,,Unknown,3442,2025-10-16 15:11:03.258111,pytorch_encoder
merchant_category,fallback_imputation,,Unknown,3444,2025-10-16 15:11:03.258112,pytorch_encoder
merchant_category,fallback_imputation,,Unknown,3446,2025-10-16 15:11:03.258113,pytorch_encoder
merchant_category,fallback_imputation,,Unknown,3448,2025-10-16 15:11:03.258114,pytorch_encoder
merchant_category,fallback_imputation,,Unknown,3450,2025-10-16 15:11:03.258115,pytorch_encoder
merchant_category,fallback_imputation,,Unknown,3453,2025-10-16 15:11:03.258116,pytorch_encoder
merchant_category,fallback_imputation,,Unknown,3459,2025-10-16 15:11:03.258117,pytorch_encoder
merchant_category,fallback_imputation,,Unknown,3465,2025-10-16 15:11:03.258118,pytorch_encoder
merchant_category,fallback_imputation,,Unknown,3476,2025-10-16 15:11:03.258119,pytorch_encoder
merchant_category,fallback_imputation,,Unknown,3485,2025-10-16 15:11:03.258120,pytorch_encoder
merchant_category,fallback_imputation,,Unknown,3486,2025-10-16 15:11:03.258121,pytorch_encoder
merchant_category,fallback_imputation,,Unknown,3492,2025-10-16 15:11:03.258122,pytorch_encoder
merchant_category,fallback_imputation,,Unknown,3498,2025-10-16 15:11:03.258123,pytorch_encoder
merchant_category,fallback_imputation,,Unknown,3504,2025-10-16 15:11:03.258124,pytorch_encoder
merchant_category,fallback_imputation,,Unknown,3508,2025-10-16 15:11:03.258125,pytorch_encoder
merchant_category,fallback_imputation,,Unknown,3510,2025-10-16 15:11:03.258126,pytorch_encoder
merchant_category,fallback_imputation,,Unknown,3513,2025-10-16 15:11:03.258128,pytorch_encoder
merchant_category,fallback_imputation,,Unknown,3516,2025-10-16 15:11:03.258129,pytorch_encoder
merchant_category,fallback_imputation,,Unknown,3521,2025-10-16 15:11:03.258130,pytorch_encoder
merchant_category,fallback_imputation,,Unknown,3523,2025-10-16 15:11:03.258132,pytorch_encoder
merchant_category,fallback_imputation,,Unknown,3525,2025-10-16 15:11:03.258133,pytorch_encoder
merchant_category,fallback_imputation,,Unknown,3532,2025-10-16 15:11:03.258134,pytorch_encoder
merchant_category,fallback_imputation,,Unknown,3539,2025-10-16 15:11:03.258135,pytorch_encoder
merchant_category,fallback_imputation,,Unknown,3545,2025-10-16 15:11:03.258136,pytorch_encoder
merchant_category,fallback_imputation,,Unknown,3554,2025-10-16 15:11:03.258137,pytorch_encoder
merchant_category,fallback_imputation,,Unknown,3564,2025-10-16 15:11:03.258138,pytorch_encoder
merchant_category,fallback_imputation,,Unknown,3566,2025-10-16 15:11:03.258139,pytorch_encoder
merchant_category,fallback_imputation,,Unknown,3567,2025-10-16 15:11:03.258158,pytorch_encoder
merchant_category,fallback_imputation,,Unknown,3568,2025-10-16 15:11:03.258159,pytorch_encoder
merchant_category,fallback_imputation,,Unknown,3574,2025-10-16 15:11:03.258161,pytorch_encoder
merchant_category,fallback_imputation,,Unknown,3581,2025-10-16 15:11:03.258162,pytorch_encoder
merchant_category,fallback_imputation,,Unknown,3586,2025-10-16 15:11:03.258163,pytorch_encoder
merchant_category,fallback_imputation,,Unknown,3589,2025-10-16 15:11:03.258164,pytorch_encoder
merchant_category,fallback_imputation,,Unknown,3590,2025-10-16 15:11:03.258165,pytorch_encoder
merchant_category,fallback_imputation,,Unknown,3592,2025-10-16 15:11:03.258166,pytorch_encoder
merchant_category,fallback_imputation,,Unknown,3597,2025-10-16 15:11:03.258167,pytorch_encoder
merchant_category,fallback_imputation,,Unknown,3602,2025-10-16 15:11:03.258168,pytorch_encoder
merchant_category,fallback_imputation,,Unknown,3605,2025-10-16 15:11:03.258169,pytorch_encoder
merchant_category,fallback_imputation,,Unknown,3607,2025-10-16 15:11:03.258171,pytorch_encoder
merchant_category,fallback_imputation,,Unknown,3614,2025-10-16 15:11:03.258172,pytorch_encoder
merchant_category,fallback_imputation,,Unknown,3617,2025-10-16 15:11:03.258174,pytorch_encoder
merchant_category,fallback_imputation,,Unknown,3620,2025-10-16 15:11:03.258175,pytorch_encoder
merchant_category,fallback_imputation,,Unknown,3623,2025-10-16 15:11:03.258176,pytorch_encoder
merchant_category,fallback_imputation,,Unknown,3625,2025-10-16 15:11:03.258177,pytorch_encoder
merchant_category,fallback_imputation,,Unknown,3641,2025-10-16 15:11:03.258178,pytorch_encoder
merchant_category,fallback_imputation,,Unknown,3642,2025-10-16 15:11:03.258179,pytorch_encoder
merchant_category,fallback_imputation,,Unknown,3656,2025-10-16 15:11:03.258180,pytorch_encoder
merchant_category,fallback_imputation,,Unknown,3657,2025-10-16 15:11:03.258181,pytorch_encoder
merchant_category,fallback_imputation,,Unknown,3658,2025-10-16 15:11:03.258182,pytorch_encoder
merchant_category,fallback_imputation,,Unknown,3659,2025-10-16 15:11:03.258183,pytorch_encoder
merchant_category,fallback_imputation,,Unknown,3660,2025-10-16 15:11:03.258184,pytorch_encoder
merchant_category,fallback_imputation,,Unknown,3663,2025-10-16 15:11:03.258185,pytorch_encoder
merchant_category,fallback_imputation,,Unknown,3664,2025-10-16 15:11:03.258186,pytorch_encoder
merchant_category,fallback_imputation,,Unknown,3667,2025-10-16 15:11:03.258187,pytorch_encoder
merchant_category,fallback_imputation,,Unknown,3682,2025-10-16 15:11:03.258188,pytorch_encoder
merchant_category,fallback_imputation,,Unknown,3699,2025-10-16 15:11:03.258189,pytorch_encoder
merchant_category,fallback_imputation,,Unknown,3712,2025-10-16 15:11:03.258190,pytorch_encoder
merchant_category,fallback_imputation,,Unknown,3715,2025-10-16 15:11:03.258191,pytorch_encoder
merchant_category,fallback_imputation,,Unknown,3717,2025-10-16 15:11:03.258192,pytorch_encoder
merchant_category,fallback_imputation,,Unknown,3722,2025-10-16 15:11:03.258193,pytorch_encoder
merchant_category,fallback_imputation,,Unknown,3725,2025-10-16 15:11:03.258194,pytorch_encoder
merchant_category,fallback_imputation,,Unknown,3727,2025-10-16 15:11:03.258195,pytorch_encoder
merchant_category,fallback_imputation,,Unknown,3728,2025-10-16 15:11:03.258196,pytorch_encoder
merchant_category,fallback_imputation,,Unknown,3732,2025-10-16 15:11:03.258197,pytorch_encoder
merchant_category,fallback_imputation,,Unknown,3742,2025-10-16 15:11:03.258198,pytorch_encoder
merchant_category,fallback_imputation,,Unknown,3761,2025-10-16 15:11:03.258199,pytorch_encoder
merchant_category,fallback_imputation,,Unknown,3767,2025-10-16 15:11:03.258200,pytorch_encoder
merchant_category,fallback_imputation,,Unknown,3769,2025-10-16 15:11:03.258201,pytorch_encoder
merchant_category,fallback_imputation,,Unknown,3774,2025-10-16 15:11:03.258202,pytorch_encoder
merchant_category,fallback_imputation,,Unknown,3780,2025-10-16 15:11:03.258203,pytorch_encoder
merchant_category,fallback_imputation,,Unknown,3781,2025-10-16 15:11:03.258205,pytorch_encoder
merchant_category,fallback_imputation,,Unknown,3785,2025-10-16 15:11:03.258206,pytorch_encoder
merchant_category,fallback_imputation,,Unknown,3786,2025-10-16 15:11:03.258207,pytorch_encoder
merchant_category,fallback_imputation,,Unknown,3789,2025-10-16 15:11:03.258208,pytorch_encoder
merchant_category,fallback_imputation,,Unknown,3790,2025-10-16 15:11:03.258209,pytorch_encoder
merchant_category,fallback_imputation,,Unknown,3791,2025-10-16 15:11:03.258210,pytorch_encoder
merchant_category,fallback_imputation,,Unknown,3792,2025-10-16 15:11:03.258211,pytorch_encoder
merchant_category,fallback_imputation,,Unknown,3795,2025-10-16 15:11:03.258213,pytorch_encoder
merchant_category,fallback_imputation,,Unknown,3804,2025-10-16 15:11:03.258214,pytorch_encoder
merchant_category,fallback_imputation,,Unknown,3808,2025-10-16 15:11:03.258215,pytorch_encoder
merchant_category,fallback_imputation,,Unknown,3812,2025-10-16 15:11:03.258216,pytorch_encoder
merchant_category,fallback_imputation,,Unknown,3816,2025-10-16 15:11:03.258217,pytorch_encoder
merchant_category,fallback_imputation,,Unknown,3817,2025-10-16 15:11:03.258218,pytorch_encoder
merchant_category,fallback_imputation,,Unknown,3819,2025-10-16 15:11:03.258219,pytorch_encoder
merchant_category,fallback_imputation,,Unknown,3820,2025-10-16 15:11:03.258220,pytorch_encoder
merchant_category,fallback_imputation,,Unknown,3821,2025-10-16 15:11:03.258221,pytorch_encoder
merchant_category,fallback_imputation,,Unknown,3822,2025-10-16 15:11:03.258222,pytorch_encoder
merchant_category,fallback_imputation,,Unknown,3823,2025-10-16 15:11:03.258223,pytorch_encoder
merchant_category,fallback_imputation,,Unknown,3833,2025-10-16 15:11:03.258225,pytorch_encoder
merchant_category,fallback_imputation,,Unknown,3834,2025-10-16 15:11:03.258226,pytorch_encoder
merchant_category,fallback_imputation,,Unknown,3838,2025-10-16 15:11:03.258227,pytorch_encoder
merchant_category,fallback_imputation,,Unknown,3842,2025-10-16 15:11:03.258228,pytorch_encoder
merchant_category,fallback_imputation,,Unknown,3844,2025-10-16 15:11:03.258229,pytorch_encoder
merchant_category,fallback_imputation,,Unknown,3845,2025-10-16 15:11:03.258230,pytorch_encoder
merchant_category,fallback_imputation,,Unknown,3846,2025-10-16 15:11:03.258231,pytorch_encoder
merchant_category,fallback_imputation,,Unknown,3848,2025-10-16 15:11:03.258232,pytorch_encoder
merchant_category,fallback_imputation,,Unknown,3856,2025-10-16 15:11:03.258233,pytorch_encoder
merchant_category,fallback_imputation,,Unknown,3857,2025-10-16 15:11:03.258234,pytorch_encoder
merchant_category,fallback_imputation,,Unknown,3861,2025-10-16 15:11:03.258235,pytorch_encoder
merchant_category,fallback_imputation,,Unknown,3864,2025-10-16 15:11:03.258236,pytorch_encoder
merchant_category,fallback_imputation,,Unknown,3871,2025-10-16 15:11:03.258237,pytorch_encoder
merchant_category,fallback_imputation,,Unknown,3881,2025-10-16 15:11:03.258238,pytorch_encoder
merchant_category,fallback_imputation,,Unknown,3882,2025-10-16 15:11:03.258239,pytorch_encoder
merchant_category,fallback_imputation,,Unknown,3886,2025-10-16 15:11:03.258246,pytorch_encoder
merchant_category,fallback_imputation,,Unknown,3892,2025-10-16 15:11:03.258247,pytorch_encoder
merchant_category,fallback_imputation,,Unknown,3896,2025-10-16 15:11:03.258248,pytorch_encoder
merchant_category,fallback_imputation,,Unknown,3899,2025-10-16 15:11:03.258249,pytorch_encoder
merchant_category,fallback_imputation,,Unknown,3904,2025-10-16 15:11:03.258250,pytorch_encoder
merchant_category,fallback_imputation,,Unknown,3911,2025-10-16 15:11:03.258252,pytorch_encoder
merchant_category,fallback_imputation,,Unknown,3916,2025-10-16 15:11:03.258253,pytorch_encoder
merchant_category,fallback_imputation,,Unknown,3918,2025-10-16 15:11:03.258254,pytorch_encoder
merchant_category,fallback_imputation,,Unknown,3919,2025-10-16 15:11:03.258255,pytorch_encoder
merchant_category,fallback_imputation,,Unknown,3921,2025-10-16 15:11:03.258256,pytorch_encoder
merchant_category,fallback_imputation,,Unknown,3924,2025-10-16 15:11:03.258257,pytorch_encoder
merchant_category,fallback_imputation,,Unknown,3926,2025-10-16 15:11:03.258258,pytorch_encoder
